,asset,entry_time,exit_time,entry_price,exit_price,return,exit_reason,hold_period_day
0,MSFT,2024-02-01 11:01:00,2024-04-25 13:28:00,400.87047,392.0673544788,-0.021960000000000066,SL,2024-03-01 13:08:00
1,MSFT,2024-02-02 11:01:00,2024-02-20 15:03:00,407.53712999999993,398.58761462519993,-0.021960000000000004,SL,2024-03-04 13:10:00
2,MSFT,2024-02-05 11:02:00,2024-02-06 15:10:00,411.43101999999993,402.39599480079994,-0.021959999999999986,SL,2024-03-05 13:11:00
3,MSFT,2024-02-06 11:01:00,2024-02-20 15:32:00,406.40599999999995,397.48132423999994,-0.021960000000000035,SL,2024-03-06 13:08:00
4,MSFT,2024-02-07 11:05:00,2024-02-21 14:45:00,405.52511999999996,396.61978836479994,-0.021960000000000035,SL,2024-03-07 13:08:00
5,AAPL,2024-02-08 11:09:00,2024-02-13 11:03:00,189.52934,185.3672756936,-0.02195999999999999,SL,2024-03-08 12:39:00
6,MSFT,2024-02-09 11:00:00,2024-02-13 13:32:00,415.30488999999994,406.1847946155999,-0.021960000000000077,SL,2024-03-11 12:53:00
7,MSFT,2024-02-12 11:00:00,2024-02-13 11:01:00,420.18976999999995,410.96240265079996,-0.02195999999999999,SL,2024-03-12 13:00:00
8,AAPL,2024-02-13 11:01:00,2024-02-15 14:56:00,185.93574999999998,181.85260093,-0.021959999999999952,SL,2024-03-13 12:13:00
9,AAPL,2024-02-14 11:00:00,2024-02-15 14:58:00,185.69550999999998,181.61763660039998,-0.02196000000000005,SL,2024-03-14 12:13:00
10,AAPL,2024-02-15 11:01:00,2024-03-01 11:00:00,182.85266999999996,178.83722536679997,-0.021959999999999955,SL,2024-03-15 12:10:00
11,AAPL,2024-02-16 11:02:00,2024-02-20 11:00:00,185.40521999999999,181.33372136879998,-0.021960000000000007,SL,2024-03-18 13:28:00
12,AAPL,2024-02-20 11:00:00,2024-03-01 15:35:00,181.4813,177.495970652,-0.021959999999999962,SL,2024-03-19 13:29:00
13,AAPL,2024-02-21 11:02:00,2024-03-01 15:29:00,181.92174,177.9267385896,-0.021959999999999962,SL,2024-03-20 13:34:00
14,AAPL,2024-02-22 11:02:00,2024-02-29 16:40:00,183.31312999999997,179.28757366519997,-0.021960000000000007,SL,2024-03-21 14:12:00
15,AAPL,2024-02-23 11:02:00,2024-02-27 14:43:00,184.00381999999996,179.96309611279997,-0.021959999999999938,SL,2024-03-22 15:05:00
16,AAPL,2024-02-26 11:02:00,2024-03-01 15:20:00,182.29210999999998,178.28897526439997,-0.02196000000000008,SL,2024-03-25 15:00:00
17,AAPL,2024-02-27 11:01:00,2024-03-01 17:05:00,181.08089999999999,177.10436343599997,-0.02196000000000008,SL,2024-03-26 14:58:00
18,AAPL,2024-02-28 11:01:00,2024-03-01 11:00:00,182.93274999999997,178.91554680999997,-0.021960000000000025,SL,2024-03-27 15:04:00
19,AAPL,2024-02-29 11:00:00,2024-03-04 12:49:00,180.90071999999998,176.92814018879997,-0.02196000000000004,SL,2024-03-28 15:11:00
20,AAPL,2024-03-01 11:00:00,2024-03-04 14:30:00,178.95878,175.02884519119996,-0.021960000000000153,SL,2024-04-01 15:18:00
21,AAPL,2024-03-04 11:01:00,2024-03-04 14:45:00,178.67849999999999,174.75472014,-0.02195999999999998,SL,2024-04-02 15:22:00
22,AAPL,2024-03-05 11:01:00,2024-03-06 14:50:00,172.54236999999998,168.75333955479996,-0.021960000000000073,SL,2024-04-03 15:24:00
23,AAPL,2024-03-06 11:01:00,2024-04-09 10:40:00,171.13096,167.37292411839996,-0.021960000000000136,SL,2024-04-04 15:28:00
24,AAPL,2024-03-07 11:00:00,2024-04-19 13:27:00,169.13896999999997,165.42467821879995,-0.021960000000000108,SL,2024-04-05 15:35:00
25,AAPL,2024-03-08 11:00:00,2024-04-18 16:48:00,170.18000999999998,166.4428569804,-0.021959999999999924,SL,2024-04-08 15:40:00
26,AAPL,2024-03-11 10:57:00,2024-04-09 10:37:00,171.40122999999997,167.63725898919995,-0.021960000000000122,SL,2024-04-09 15:46:00
27,AAPL,2024-03-12 10:02:00,2024-03-25 13:36:00,173.42324999999997,169.61487542999996,-0.021960000000000073,SL,2024-04-10 14:53:00
28,AAPL,2024-03-13 10:02:00,2024-03-25 13:36:00,173.18300999999997,169.37991110039997,-0.021960000000000014,SL,2024-04-11 14:55:00
29,AMZN,2024-04-10 10:00:00,2024-04-17 15:37:00,185.43524999999997,181.36309190999995,-0.02196000000000009,SL,2024-05-08 12:27:00
30,AMZN,2024-04-11 10:00:00,2024-04-17 15:48:00,185.34515999999996,181.27498028639997,-0.021959999999999993,SL,2024-05-09 12:27:00
31,AMZN,2024-04-12 10:00:00,2024-04-12 19:17:00,188.84865999999997,184.70154342639995,-0.021960000000000087,SL,2024-05-10 12:28:00
32,MSFT,2024-04-15 10:04:00,2024-04-15 17:30:00,423.7433199999999,414.43791669279994,-0.02195999999999996,SL,2024-05-13 13:09:00
33,MSFT,2024-04-16 10:00:00,2024-04-18 17:54:00,413.89347999999995,404.80437917919994,-0.021960000000000035,SL,2024-05-14 13:19:00
34,MSFT,2024-04-17 10:00:00,2024-04-18 13:38:00,416.0556399999999,406.91905814559993,-0.021959999999999986,SL,2024-05-15 13:30:00
35,MSFT,2024-04-18 10:00:00,2024-04-18 18:38:00,412.66225,403.60018699,-0.021959999999999938,SL,2024-05-16 13:50:00
36,MSFT,2024-04-19 10:01:00,2024-04-25 13:27:00,402.2418399999999,393.40860919359994,-0.021959999999999924,SL,2024-05-17 13:39:00
37,AMZN,2024-04-19 10:01:00,2024-04-19 16:14:00,178.19801999999999,174.28479148079998,-0.021960000000000025,SL,2024-05-17 13:09:00
38,MSFT,2024-04-22 10:00:00,2024-04-25 13:28:00,400.45005,391.65616690199994,-0.021960000000000094,SL,2024-05-20 14:06:00
39,ORCL,2024-04-22 13:30:00,2024-04-25 13:30:00,116.07595999999998,113.52693191839998,-0.02196,SL,2024-06-05 14:50:00
40,MSFT,2024-04-23 10:02:00,2024-04-25 13:27:00,401.85144999999994,393.0267921579999,-0.02196000000000006,SL,2024-05-21 14:16:00
41,ORCL,2024-04-23 13:30:00,2024-04-25 13:30:00,115.25513999999998,112.72413712559998,-0.02196000000000002,SL,2024-06-06 14:50:00
42,MSFT,2024-04-24 10:00:00,2024-04-25 10:57:00,408.35794999999996,399.39040941799993,-0.021960000000000066,SL,2024-05-22 14:25:00
43,ORCL,2024-04-24 13:30:00,2024-04-25 13:30:00,115.41529999999999,112.88078001199999,-0.021959999999999997,SL,2024-06-07 14:50:00
44,MSFT,2024-04-25 10:01:00,2024-04-25 13:27:00,402.14173999999997,393.3107073896,-0.021959999999999934,SL,2024-05-23 14:30:00
45,ORCL,2024-04-25 13:30:00,2024-09-10 13:30:00,113.53341999999999,147.298259108,0.29740000000000005,TP,2024-06-10 14:50:00
46,ORCL,2024-04-26 13:30:00,2024-04-30 15:40:00,116.52640999999998,113.96749003639998,-0.021960000000000042,SL,2024-06-11 14:50:00
47,ORCL,2024-04-29 13:30:00,2024-04-30 15:02:00,117.09697999999999,114.52553031919999,-0.021960000000000007,SL,2024-06-12 14:50:00
48,ORCL,2024-04-30 13:30:00,2024-09-10 13:30:00,115.18506999999998,149.441109818,0.2974000000000002,TP,2024-06-13 14:50:00
49,ORCL,2024-05-01 13:30:00,2024-09-10 13:30:00,114.04392999999999,147.960594782,0.2974,TP,2024-06-14 14:50:00
50,ORCL,2024-05-02 13:31:00,2024-09-10 13:30:00,115.20508999999998,149.467083766,0.2974000000000002,TP,2024-06-17 14:50:00
51,ORCL,2024-05-03 13:31:00,2024-09-10 13:30:00,115.97585999999998,150.46708076399997,0.29739999999999994,TP,2024-06-18 14:49:00
52,ORCL,2024-05-06 13:30:00,2024-09-10 13:30:00,116.11599999999999,150.64889839999998,0.2974,TP,2024-06-20 14:48:00
53,ORCL,2024-05-07 13:30:00,2024-05-31 13:43:00,117.97785999999999,115.38706619439999,-0.021960000000000007,SL,2024-06-21 14:48:00
54,ORCL,2024-05-08 13:30:00,2024-05-31 13:47:00,117.76764999999999,115.18147240599998,-0.021960000000000052,SL,2024-06-24 14:48:00
55,ORCL,2024-05-09 13:31:00,2024-05-31 13:51:00,117.36724999999998,114.78986518999999,-0.021959999999999986,SL,2024-06-25 14:48:00
56,ORCL,2024-05-10 13:30:00,2024-05-31 13:59:00,116.99687999999998,114.42762851519997,-0.021960000000000056,SL,2024-06-26 14:47:00
57,AMZN,2024-05-28 10:01:00,2024-05-31 10:25:00,181.45127,177.46660011080002,-0.02195999999999988,SL,2024-06-26 16:30:00
58,AMZN,2024-05-29 10:05:00,2024-05-31 10:51:00,181.29111,177.3099572244,-0.02196000000000005,SL,2024-06-27 16:30:00
59,GOOGL,2024-05-29 13:40:00,2024-05-30 19:36:00,175.12494999999996,171.27920609799995,-0.02196000000000006,SL,2024-07-16 16:44:00
60,MSFT,2024-05-30 10:10:00,2024-05-30 18:50:00,425.97554999999994,416.6211269219999,-0.021960000000000063,SL,2024-06-28 14:26:00
61,AMZN,2024-05-30 10:11:00,2024-05-31 10:25:00,181.43124999999998,177.44701974999998,-0.02195999999999998,SL,2024-06-28 16:13:00
62,AMZN,2024-05-31 10:08:00,2024-05-31 14:31:00,178.13796,174.22605039839996,-0.021960000000000167,SL,2024-07-01 15:41:00
63,AMZN,2024-06-03 10:04:00,2024-08-02 10:01:00,177.02684999999997,173.13934037399997,-0.021959999999999983,SL,2024-07-02 15:46:00
64,AMZN,2024-06-04 10:01:00,2024-08-02 10:01:00,177.60743,173.70717083719998,-0.021960000000000066,SL,2024-07-03 15:39:00
65,AAPL,2024-06-04 10:03:00,2024-12-17 14:38:00,193.34314999999998,250.84340281,0.29740000000000005,TP,2024-07-03 12:00:00
66,AAPL,2024-06-05 10:03:00,2024-12-17 16:11:00,194.83463999999998,252.77846193599999,0.29740000000000005,TP,2024-07-05 14:50:00
67,AMZN,2024-06-05 10:13:00,2024-08-02 10:01:00,180.12994999999998,176.17429629799997,-0.02196000000000004,SL,2024-07-05 18:25:00
68,AAPL,2024-06-06 10:02:00,2024-06-10 18:20:00,196.06587,191.7602634948,-0.02195999999999995,SL,2024-07-08 14:50:00
69,GOOGL,2024-06-06 13:40:00,2024-06-10 13:42:00,176.54637,172.6694117148,-0.021960000000000025,SL,2024-07-24 16:44:00
70,AAPL,2024-06-07 10:01:00,2024-12-17 18:42:00,195.04484999999997,253.05118838999996,0.29740000000000005,TP,2024-07-09 14:39:00
71,GOOGL,2024-06-07 13:40:00,2024-06-10 13:40:00,176.73655999999997,172.85542514239995,-0.0219600000000001,SL,2024-07-25 16:44:00
72,AAPL,2024-06-10 10:00:00,2024-06-10 17:40:00,197.46726999999998,193.13088875079998,-0.021960000000000014,SL,2024-07-10 14:51:00
73,GOOGL,2024-06-10 13:40:00,2024-07-25 13:46:00,173.54336999999998,169.73235759479996,-0.0219600000000001,SL,2024-07-26 16:44:00
74,GOOGL,2024-06-11 13:40:00,2024-07-24 16:01:00,175.93575999999996,172.07221071039996,-0.021960000000000014,SL,2024-07-29 16:44:00
75,GOOGL,2024-06-12 13:40:00,2024-06-12 16:04:00,179.91974,175.9687025096,-0.021959999999999907,SL,2024-07-30 16:44:00
76,GOOGL,2024-06-13 13:40:00,2024-07-24 19:18:00,175.60542999999998,171.74913475719998,-0.02196000000000001,SL,2024-07-31 16:44:00
77,GOOGL,2024-06-14 13:40:00,2024-07-24 19:18:00,175.50533,171.65123295319998,-0.021960000000000042,SL,2024-08-01 16:44:00
78,GOOGL,2024-06-17 13:40:00,2024-07-25 13:40:00,175.13495999999998,171.2889962784,-0.021959999999999924,SL,2024-08-02 16:44:00
79,GOOGL,2024-06-18 13:40:00,2024-07-24 15:57:00,176.176,172.30717504,-0.021959999999999907,SL,2024-08-05 16:44:00
80,GOOGL,2024-06-20 13:40:00,2024-07-24 13:40:00,176.72655,172.845634962,-0.021960000000000066,SL,2024-08-06 16:44:00
81,GOOGL,2024-06-21 13:40:00,2024-07-24 13:40:00,177.94777,174.0400369708,-0.021959999999999938,SL,2024-08-07 16:44:00
82,GOOGL,2024-06-24 13:40:00,2024-07-24 13:40:00,179.4793,175.537934572,-0.021959999999999907,SL,2024-08-08 16:44:00
83,GOOGL,2024-06-25 13:40:00,2024-07-18 16:03:00,180.53034999999997,176.56590351399996,-0.021960000000000084,SL,2024-08-09 16:44:00
84,GOOGL,2024-06-26 13:40:00,2024-07-18 14:00:00,183.05286999999998,179.03302897479998,-0.02196000000000005,SL,2024-08-12 16:44:00
85,GOOGL,2024-06-27 13:40:00,2024-07-01 13:49:00,185.72553999999997,181.64700714159997,-0.02195999999999998,SL,2024-08-13 16:44:00
86,INTC,2024-06-28 10:25:00,2024-07-30 16:58:00,30.67064,29.9971127456,-0.021959999999999993,SL,2024-07-30 14:07:00
87,MSFT,2024-07-01 10:01:00,2024-07-17 14:52:00,448.35791,438.51197029639997,-0.021960000000000084,SL,2024-07-30 16:34:00
88,GOOGL,2024-07-01 13:40:00,2024-07-18 13:58:00,183.25306999999998,179.22883258279995,-0.02196000000000015,SL,2024-08-15 16:44:00
89,MSFT,2024-07-02 10:05:00,2024-07-16 17:50:00,455.28482999999994,445.28677513319997,-0.02195999999999995,SL,2024-07-31 16:29:00
90,GOOGL,2024-07-02 13:40:00,2024-07-18 15:24:00,181.87168999999997,177.87778768759998,-0.02195999999999998,SL,2024-08-16 16:44:00
91,MSFT,2024-07-03 10:00:00,2024-07-12 13:35:00,459.4690099999999,449.3790705403999,-0.021960000000000073,SL,2024-08-01 16:20:00
92,INTC,2024-07-03 10:07:00,2024-07-30 14:37:00,31.131099999999996,30.447461043999997,-0.021959999999999983,SL,2024-08-02 11:55:00
93,MSFT,2024-07-05 10:03:00,2024-07-11 15:26:00,460.75028999999995,450.63221363159994,-0.021960000000000028,SL,2024-08-02 13:26:00
94,INTC,2024-07-05 10:31:00,2024-07-30 13:30:00,31.24121,30.5551530284,-0.02195999999999998,SL,2024-08-02 18:10:00
95,INTC,2024-07-08 10:01:00,2024-07-24 10:32:00,33.24321,32.51318910839999,-0.02196000000000018,SL,2024-08-05 17:23:00
96,MSFT,2024-07-08 10:02:00,2024-07-09 16:55:00,468.46799999999996,458.1804427199999,-0.021960000000000097,SL,2024-08-05 12:56:00
97,NFLX,2024-07-09 10:01:00,2024-07-10 15:20:00,687.3366499999998,672.2427371659998,-0.02196000000000014,SL,2024-08-07 10:21:00
98,MSFT,2024-07-09 10:02:00,2024-07-11 14:15:00,467.16669999999993,456.9077192679999,-0.02196000000000012,SL,2024-08-06 12:47:00
99,NFLX,2024-07-10 10:01:00,2024-07-10 15:21:00,686.80612,671.7238576048,-0.021960000000000028,SL,2024-08-08 10:15:00
100,MSFT,2024-07-10 10:02:00,2024-07-11 15:23:00,461.40093999999993,451.2685753575999,-0.021960000000000077,SL,2024-08-07 12:36:00
101,MSFT,2024-07-11 10:08:00,2024-07-11 14:22:00,465.55508999999995,455.33150022359996,-0.02195999999999998,SL,2024-08-08 12:16:00
102,GOOGL,2024-07-11 13:40:00,2024-07-11 15:17:00,190.41021999999998,186.22881156879998,-0.02195999999999999,SL,2024-08-26 13:59:00
103,MSFT,2024-07-12 10:04:00,2024-07-16 17:50:00,455.2748199999999,445.2769849527999,-0.02196,SL,2024-08-09 12:01:00
104,MSFT,2024-07-15 10:01:00,2024-07-17 10:00:00,452.98252999999994,443.03503364119996,-0.021959999999999962,SL,2024-08-12 11:56:00
105,MSFT,2024-07-16 10:07:00,2024-07-17 10:00:00,452.56210999999996,442.62384606439997,-0.021959999999999983,SL,2024-08-13 11:54:00
106,MSFT,2024-07-17 10:00:00,2024-07-18 15:48:00,443.47302999999994,433.7343622611999,-0.021960000000000042,SL,2024-08-14 11:27:00
107,MSFT,2024-07-18 10:01:00,2024-07-18 15:21:00,444.4540099999999,434.6937999403999,-0.02196000000000003,SL,2024-08-15 11:27:00
108,MSFT,2024-07-19 10:00:00,2024-07-25 14:00:00,428.92849999999993,419.50923013999994,-0.02195999999999997,SL,2024-08-16 11:15:00
109,ORCL,2024-07-19 13:30:00,2024-07-30 16:36:00,138.40827,135.36882439079997,-0.021960000000000115,SL,2024-09-03 14:45:00
110,MSFT,2024-07-22 10:00:00,2024-07-24 15:23:00,439.92949,430.2686383996,-0.021960000000000018,SL,2024-08-19 11:19:00
111,ORCL,2024-07-22 13:30:00,2024-07-30 15:39:00,139.45932,136.39679333279997,-0.02196000000000013,SL,2024-09-04 14:45:00
112,MSFT,2024-07-23 10:03:00,2024-07-24 14:43:00,443.57312999999994,433.8322640651999,-0.02196000000000003,SL,2024-08-20 11:23:00
113,ORCL,2024-07-23 13:30:00,2024-07-25 14:09:00,141.23109,138.1296552636,-0.021959999999999962,SL,2024-09-05 14:45:00
114,MSFT,2024-07-24 10:00:00,2024-07-24 15:10:00,441.45100999999994,431.75674582039994,-0.021959999999999997,SL,2024-08-21 11:31:00
115,ORCL,2024-07-24 13:30:00,2024-07-25 14:07:00,141.3412,138.23734724799996,-0.021960000000000163,SL,2024-09-06 14:45:00
116,MSFT,2024-07-25 10:00:00,2024-07-25 14:09:00,426.84641999999997,417.4728726167999,-0.021960000000000115,SL,2024-08-22 11:35:00
117,ORCL,2024-07-25 13:30:00,2024-07-30 15:38:00,139.55941999999996,136.49469513679995,-0.021960000000000097,SL,2024-09-09 14:45:00
118,MSFT,2024-07-26 10:00:00,2024-07-31 10:01:00,421.23080999999996,411.98058141239994,-0.02196000000000005,SL,2024-08-23 11:51:00
119,ORCL,2024-07-26 13:30:00,2024-07-30 16:31:00,138.56842999999998,135.5254672772,-0.021959999999999893,SL,2024-09-10 14:45:00
120,MSFT,2024-07-29 10:01:00,2024-07-30 15:37:00,428.15772999999996,418.75538624919994,-0.021960000000000035,SL,2024-08-26 12:13:00
121,ORCL,2024-07-29 13:30:00,2024-07-30 15:39:00,139.49936,136.43595405439999,-0.021960000000000073,SL,2024-09-11 14:45:00
122,MSFT,2024-07-30 10:00:00,2024-07-30 17:27:00,425.28486,415.9456044744,-0.021959999999999955,SL,2024-08-27 12:12:00
123,ORCL,2024-07-30 13:30:00,2024-07-30 15:52:00,139.16903,136.11287810119998,-0.021960000000000073,SL,2024-09-12 14:45:00
124,MSFT,2024-07-31 10:01:00,2024-08-05 10:00:00,410.39998999999995,401.38760621959995,-0.021960000000000004,SL,2024-08-28 12:36:00
125,ORCL,2024-07-31 13:30:00,2024-08-01 17:20:00,140.00986999999998,136.9352532548,-0.021959999999999927,SL,2024-09-13 14:45:00
126,MSFT,2024-08-01 10:00:00,2024-08-02 10:00:00,420.12970999999993,410.9036615683999,-0.021960000000000052,SL,2024-08-29 12:56:00
127,MSFT,2024-08-02 10:00:00,2024-08-05 10:00:00,408.83842999999996,399.86033807719997,-0.02195999999999998,SL,2024-08-30 13:00:00
128,AAPL,2024-08-02 10:01:00,2024-08-02 13:06:00,218.10788999999997,213.31824073559997,-0.021959999999999993,SL,2024-08-30 15:16:00
129,AAPL,2024-08-05 10:00:00,2024-08-05 12:36:00,202.08187999999998,197.6441619152,-0.021959999999999986,SL,2024-09-03 15:21:00
130,MSFT,2024-08-05 10:00:00,2024-08-05 12:32:00,390.88048999999995,382.29675443959997,-0.02195999999999997,SL,2024-09-03 13:25:00
131,MSFT,2024-08-06 10:00:00,2025-02-28 14:32:00,397.6973,388.963867292,-0.021960000000000025,SL,2024-09-04 13:34:00
132,NFLX,2024-08-06 10:00:00,2024-11-07 14:30:00,601.3307299999999,780.1664891019999,0.29740000000000005,TP,2024-09-05 14:10:00
133,NFLX,2024-08-07 10:00:00,2024-11-11 14:34:00,616.85624,800.3092857759999,0.29739999999999994,TP,2024-09-06 14:07:00
134,MSFT,2024-08-07 10:02:00,2024-08-07 18:48:00,405.88548,396.97223485919994,-0.021960000000000073,SL,2024-09-05 13:37:00
135,MSFT,2024-08-08 10:00:00,2025-02-28 14:32:00,398.49809999999997,389.74708172399994,-0.021960000000000063,SL,2024-09-06 13:39:00
136,NFLX,2024-08-08 10:00:00,2024-11-07 17:42:00,610.34974,791.867752676,0.2974,TP,2024-09-09 14:14:00
137,MSFT,2024-08-09 10:00:00,2025-02-25 15:20:00,406.37597,397.4519536988,-0.021959999999999927,SL,2024-09-09 13:42:00
138,NFLX,2024-08-09 10:00:00,2024-08-09 13:27:00,633.4127799999999,619.5030353512,-0.02195999999999987,SL,2024-09-10 14:52:00
139,MSFT,2024-08-12 10:00:00,2025-02-25 15:19:00,407.28687999999994,398.3428601151999,-0.021960000000000035,SL,2024-09-10 13:47:00
140,NFLX,2024-08-12 10:01:00,2024-11-13 12:15:00,634.6640299999999,823.413112522,0.29740000000000016,TP,2024-09-11 14:43:00
141,MSFT,2024-08-13 10:00:00,2025-02-24 14:44:00,408.70829999999995,399.73306573199994,-0.021960000000000025,SL,2024-09-11 13:55:00
142,NFLX,2024-08-13 10:00:00,2024-11-13 14:36:00,636.0554199999999,825.218301908,0.2974000000000001,TP,2024-09-12 14:28:00
143,MSFT,2024-08-14 10:00:00,2024-09-04 10:38:00,414.17375999999996,405.0785042304,-0.021959999999999973,SL,2024-09-12 14:02:00
144,MSFT,2024-08-15 10:04:00,2024-08-28 14:58:00,418.11769999999996,408.935835308,-0.021959999999999945,SL,2024-09-13 14:02:00
145,MSFT,2024-08-16 10:01:00,2024-08-23 14:47:00,422.84241999999995,413.5568004567999,-0.02196000000000007,SL,2024-09-16 14:00:00
146,MSFT,2024-08-19 10:00:00,2024-08-28 14:57:00,418.4480299999999,409.2589112611999,-0.021960000000000018,SL,2024-09-17 13:59:00
147,NFLX,2024-08-19 10:01:00,2024-11-20 11:02:00,673.3426699999999,873.5947800579999,0.2974,TP,2024-09-18 14:19:00
148,MSFT,2024-08-20 10:01:00,2024-08-23 14:48:00,422.65223,413.37078702919996,-0.021960000000000035,SL,2024-09-18 14:00:00
149,NFLX,2024-08-20 10:01:00,2024-09-03 19:31:00,688.6179299999999,673.4958802571999,-0.021959999999999945,SL,2024-09-19 14:08:00
150,MSFT,2024-08-21 10:01:00,2024-08-22 16:57:00,425.69526999999994,416.34700187079994,-0.02195999999999999,SL,2024-09-19 13:41:00
151,NFLX,2024-08-21 10:02:00,2024-08-23 14:47:00,698.60791,683.2664802964,-0.02195999999999992,SL,2024-09-20 13:55:00
152,NFLX,2024-08-22 10:00:00,2024-08-23 14:48:00,696.8261299999999,681.5238281851999,-0.021959999999999986,SL,2024-09-23 13:56:00
153,MSFT,2024-08-22 10:01:00,2024-08-22 17:31:00,424.00357999999994,414.6924613831999,-0.021960000000000143,SL,2024-09-20 13:39:00
154,MSFT,2024-08-23 10:05:00,2024-08-27 13:36:00,419.06864999999993,409.86590244599995,-0.021959999999999966,SL,2024-09-23 13:33:00
155,NFLX,2024-08-23 10:40:00,2024-08-28 18:00:00,690.9902999999999,675.816153012,-0.021959999999999945,SL,2024-09-24 14:24:00
156,NFLX,2024-08-26 10:01:00,2024-09-03 19:33:00,688.3376499999999,673.2217552059999,-0.021960000000000063,SL,2024-09-25 13:28:00
157,MSFT,2024-08-26 10:08:00,2024-08-28 15:03:00,417.60718999999995,408.4365361075999,-0.021960000000000063,SL,2024-09-24 13:38:00
158,NFLX,2024-08-27 10:00:00,2024-08-28 15:14:00,692.3917,677.186778268,-0.021960000000000004,SL,2024-09-26 12:49:00
159,MSFT,2024-08-27 10:01:00,2024-09-04 10:12:00,414.60418999999996,405.49948198759995,-0.021960000000000028,SL,2024-09-25 13:36:00
160,MSFT,2024-08-28 10:00:00,2024-09-04 10:27:00,414.44402999999994,405.3428391011999,-0.021960000000000104,SL,2024-09-26 13:37:00
161,NFLX,2024-08-28 10:34:00,2024-08-28 14:52:00,697.64695,682.3266229779999,-0.021960000000000025,SL,2024-09-27 13:23:00
162,MSFT,2024-08-29 10:00:00,2024-09-04 13:27:00,413.38297,404.3050799788,-0.021960000000000014,SL,2024-09-27 13:29:00
163,GOOGL,2024-08-29 13:40:00,2024-08-29 18:30:00,164.82465999999997,161.20511046639996,-0.021960000000000052,SL,2024-10-15 13:59:00
164,MSFT,2024-08-30 10:00:00,2024-09-04 10:00:00,416.54612999999995,407.39877698519996,-0.021959999999999976,SL,2024-09-30 13:31:00
165,MSFT,2024-09-04 10:00:00,2025-02-24 15:07:00,407.44703999999996,398.4995030016,-0.02195999999999996,SL,2024-10-02 13:26:00
166,MSFT,2024-09-05 10:00:00,2025-02-24 15:07:00,407.56716,398.6169851664,-0.02195999999999997,SL,2024-10-03 13:30:00
167,ORCL,2024-09-06 13:30:00,2024-09-06 14:40:00,143.7436,140.58699054399997,-0.021960000000000087,SL,2024-10-21 14:46:00
168,MSFT,2024-09-09 10:01:00,2025-02-25 15:19:00,406.94653999999997,398.00999398159996,-0.02196000000000002,SL,2024-10-07 13:45:00
169,ORCL,2024-09-09 13:30:00,2024-11-07 20:29:00,142.75261,185.207236214,0.2974,TP,2024-10-22 14:46:00
170,MSFT,2024-09-10 10:01:00,2025-02-24 15:07:00,407.4270199999999,398.4799226407999,-0.021960000000000077,SL,2024-10-08 13:43:00
171,ORCL,2024-09-10 13:30:00,2025-03-06 17:52:00,154.62446999999997,151.22891663879997,-0.02196000000000001,SL,2024-10-23 14:46:00
172,MSFT,2024-09-11 10:00:00,2024-10-08 10:31:00,414.44402999999994,405.3428391011999,-0.021960000000000104,SL,2024-10-09 13:40:00
173,AAPL,2024-09-11 10:00:00,2024-09-16 13:32:00,219.67945999999998,214.85529905839996,-0.021960000000000063,SL,2024-10-09 13:05:00
174,MSFT,2024-09-12 10:01:00,2024-10-03 16:49:00,423.25282999999996,413.9581978531999,-0.021960000000000097,SL,2024-10-10 13:30:00
175,AAPL,2024-09-12 10:02:00,2024-09-16 10:20:00,222.83261,217.93920588439997,-0.021960000000000094,SL,2024-10-10 12:59:00
176,MSFT,2024-09-13 10:00:00,2024-10-02 13:35:00,426.48605999999995,417.1204261224,-0.021959999999999945,SL,2024-10-11 13:36:00
177,AAPL,2024-09-13 10:14:00,2024-09-16 10:01:00,223.40318,218.4972461672,-0.02196000000000001,SL,2024-10-11 13:38:00
178,MSFT,2024-09-16 10:00:00,2024-10-01 13:42:00,431.2508199999999,421.78055199279993,-0.021959999999999983,SL,2024-10-14 13:40:00
179,AAPL,2024-09-16 10:01:00,2024-09-16 13:33:00,218.98877,214.1797766108,-0.02195999999999999,SL,2024-10-14 13:16:00
180,MSFT,2024-09-17 10:00:00,2024-09-18 15:41:00,439.32888999999994,429.6812275755999,-0.02196000000000009,SL,2024-10-15 13:52:00
181,AAPL,2024-09-17 10:04:00,2025-03-13 15:54:00,217.09687999999997,212.32943251519998,-0.021959999999999945,SL,2024-10-15 13:15:00
182,AAPL,2024-09-18 10:00:00,2025-03-13 16:00:00,216.14593,211.39936537719998,-0.02196000000000004,SL,2024-10-16 13:13:00
183,MSFT,2024-09-18 10:00:00,2024-09-24 14:02:00,436.59616,427.00850832640003,-0.021959999999999917,SL,2024-10-16 13:51:00
184,AAPL,2024-09-19 10:00:00,2024-11-04 14:25:00,224.46424,219.53500528959998,-0.021960000000000045,SL,2024-10-17 13:11:00
185,MSFT,2024-09-19 10:01:00,2024-09-23 13:32:00,439.12868999999995,429.4854239675999,-0.021960000000000115,SL,2024-10-17 13:45:00
186,MSFT,2024-09-20 10:00:00,2024-09-24 13:57:00,437.58714999999995,427.9777361859999,-0.021960000000000115,SL,2024-10-18 14:02:00
187,MSFT,2024-09-23 10:01:00,2024-09-24 14:02:00,436.62618999999995,427.03787886759994,-0.02196000000000002,SL,2024-10-21 14:07:00
188,MSFT,2024-09-24 10:00:00,2024-10-01 13:37:00,433.40297,423.8854407788,-0.021959999999999986,SL,2024-10-22 14:14:00
189,META,2024-09-25 10:01:00,2024-11-18 13:21:00,562.0614999999999,549.71862946,-0.021959999999999865,SL,2024-10-23 15:21:00
190,MSFT,2024-09-25 10:01:00,2024-10-01 14:10:00,429.25882999999993,419.8323060931999,-0.021960000000000035,SL,2024-10-23 13:59:00
191,META,2024-09-26 10:00:00,2024-09-26 14:47:00,577.31674,564.6388643896,-0.021959999999999917,SL,2024-10-24 14:53:00
192,MSFT,2024-09-26 10:00:00,2024-09-30 10:03:00,435.56512999999995,426.0001197451999,-0.02196000000000007,SL,2024-10-24 13:59:00
193,MSFT,2024-09-27 10:00:00,2024-10-01 13:49:00,430.40997999999996,420.95817683919995,-0.021960000000000028,SL,2024-10-25 14:18:00
194,META,2024-09-27 10:05:00,2024-11-06 14:31:00,568.568,556.0822467200001,-0.021959999999999872,SL,2024-10-25 15:18:00
195,META,2024-09-30 10:00:00,2024-11-06 14:33:00,567.8372699999999,555.3675635507999,-0.021959999999999962,SL,2024-10-28 14:56:00
196,MSFT,2024-09-30 10:03:00,2024-10-01 15:23:00,427.03660999999994,417.65888604439994,-0.021960000000000014,SL,2024-10-28 13:51:00
197,META,2024-10-01 10:00:00,2024-10-23 18:14:00,575.6750999999999,563.0332748039999,-0.021960000000000025,SL,2024-10-29 14:44:00
198,MSFT,2024-10-01 10:13:00,2024-10-01 14:28:00,428.7283,419.313426532,-0.02195999999999999,SL,2024-10-29 13:39:00
199,MSFT,2024-10-02 10:00:00,2024-10-07 18:30:00,419.29887999999994,410.0910765951999,-0.021960000000000045,SL,2024-10-30 13:17:00
200,NFLX,2024-10-02 10:01:00,2024-10-17 13:38:00,704.93423,689.4538743092,-0.021959999999999875,SL,2024-10-31 15:28:00
201,NFLX,2024-10-03 10:00:00,2024-10-17 13:30:00,708.0173099999998,692.4692498723998,-0.02196000000000004,SL,2024-11-01 15:49:00
202,MSFT,2024-10-03 10:00:00,2024-10-08 10:31:00,416.13572,406.9973795888,-0.021959999999999945,SL,2024-10-31 13:13:00
203,MSFT,2024-10-04 10:00:00,2024-10-07 18:47:00,417.65723999999994,408.4854870095999,-0.02196000000000006,SL,2024-11-01 13:00:00
204,NFLX,2024-10-04 10:01:00,2024-10-17 13:30:00,708.0573499999999,692.5084105939999,-0.021960000000000066,SL,2024-11-04 16:40:00
205,MSFT,2024-10-07 10:00:00,2024-10-08 10:31:00,414.5641499999999,405.4603212659999,-0.021960000000000115,SL,2024-11-04 14:00:00
206,GOOGL,2024-10-07 13:40:00,2024-10-07 18:30:00,166.97680999999997,163.30999925239996,-0.021960000000000066,SL,2024-11-20 14:59:00
207,MSFT,2024-10-08 10:01:00,2025-02-12 14:30:00,412.7923799999999,403.72745933519997,-0.0219599999999999,SL,2024-11-05 14:04:00
208,GOOGL,2024-10-08 13:40:00,2024-10-09 14:08:00,163.79362999999998,160.19672188519996,-0.021960000000000097,SL,2024-11-21 14:59:00
209,MSFT,2024-10-09 10:00:00,2024-10-31 14:26:00,415.41499999999996,406.2924865999999,-0.021960000000000146,SL,2024-11-06 14:05:00
210,GOOGL,2024-10-09 13:40:00,2024-10-09 14:01:00,164.37420999999998,160.76455234839997,-0.02196000000000002,SL,2024-11-22 14:59:00
211,MSFT,2024-10-10 10:02:00,2024-10-31 13:33:00,417.33691999999996,408.1722012368,-0.021959999999999934,SL,2024-11-07 14:12:00
212,GOOGL,2024-10-10 13:40:00,2025-03-18 14:03:00,161.59143,158.04288219720002,-0.02195999999999992,SL,2024-11-25 14:59:00
213,MSFT,2024-10-11 10:00:00,2024-10-31 13:33:00,415.83541999999994,406.70367417679995,-0.021959999999999983,SL,2024-11-08 14:17:00
214,GOOGL,2024-10-11 13:40:00,2025-03-18 14:03:00,161.69152999999997,158.14078400119996,-0.02196000000000007,SL,2024-11-26 14:59:00
215,MSFT,2024-10-14 10:00:00,2024-10-31 13:33:00,416.46604999999994,407.32045554199993,-0.021960000000000014,SL,2024-11-11 14:05:00
216,GOOGL,2024-10-14 13:40:00,2024-10-24 13:40:00,164.90474,161.2834319096,-0.021959999999999952,SL,2024-11-27 14:59:00
217,MSFT,2024-10-15 10:02:00,2024-10-16 13:56:00,419.57916,410.3652016464,-0.02195999999999998,SL,2024-11-12 14:00:00
218,GOOGL,2024-10-15 13:40:00,2024-10-21 15:24:00,165.97581,162.3309812124,-0.02196000000000003,SL,2024-11-29 14:59:00
219,MSFT,2024-10-16 10:00:00,2024-10-16 13:57:00,419.32890999999995,410.12044713639995,-0.021960000000000014,SL,2024-11-13 13:55:00
220,GOOGL,2024-10-16 13:40:00,2024-10-24 13:40:00,164.49433,160.88203451319998,-0.02196000000000005,SL,2024-12-02 17:44:00
221,MSFT,2024-10-17 10:00:00,2024-10-31 13:32:00,418.61819999999994,409.42534432799994,-0.02196000000000002,SL,2024-11-14 14:14:00
222,GOOGL,2024-10-17 13:40:00,2024-10-24 13:40:00,165.00483999999997,161.38133371359996,-0.021960000000000097,SL,2024-12-03 17:44:00
223,MSFT,2024-10-18 10:00:00,2024-10-31 13:33:00,416.81639999999993,407.66311185599994,-0.021959999999999973,SL,2024-11-15 14:20:00
224,GOOGL,2024-10-18 13:40:00,2024-10-24 13:41:00,164.32415999999998,160.71560144639997,-0.021960000000000035,SL,2024-12-04 17:44:00
225,MSFT,2024-10-21 10:05:00,2024-10-31 13:33:00,416.54612999999995,407.39877698519996,-0.021959999999999976,SL,2024-11-18 14:07:00
226,GOOGL,2024-10-21 13:40:00,2025-03-18 13:50:00,164.14397999999997,160.53937819919997,-0.02195999999999999,SL,2024-12-05 17:44:00
227,MSFT,2024-10-22 10:04:00,2024-10-31 13:33:00,416.21579999999994,407.0757010319999,-0.021960000000000045,SL,2024-11-19 14:01:00
228,GOOGL,2024-10-22 13:40:00,2024-10-24 13:40:00,164.84467999999998,161.22469082719996,-0.02196000000000011,SL,2024-12-06 17:44:00
229,MSFT,2024-10-23 10:00:00,2024-10-31 10:01:00,427.01658999999995,417.63930568359996,-0.021959999999999986,SL,2024-11-20 14:16:00
230,GOOGL,2024-10-23 13:40:00,2024-10-24 13:40:00,165.14497999999998,161.51839623919997,-0.021960000000000018,SL,2024-12-09 17:44:00
231,MSFT,2024-10-24 10:04:00,2024-10-31 10:01:00,426.13570999999996,416.77776980839997,-0.021959999999999986,SL,2024-11-21 14:07:00
232,GOOGL,2024-10-24 13:40:00,2025-03-18 14:04:00,161.4613,157.915609852,-0.021960000000000035,SL,2024-12-10 17:44:00
233,MSFT,2024-10-25 10:06:00,2024-10-31 10:01:00,426.56613999999996,417.19874756559994,-0.021960000000000042,SL,2024-11-22 13:51:00
234,GOOGL,2024-10-25 13:40:00,2025-03-18 13:52:00,163.58341999999996,159.99112809679994,-0.021960000000000132,SL,2024-12-11 17:44:00
235,MSFT,2024-10-28 10:00:00,2024-10-31 10:01:00,431.71127999999993,422.23090029119993,-0.021960000000000007,SL,2024-11-25 13:37:00
236,GOOGL,2024-10-28 13:40:00,2024-11-21 15:46:00,167.08691999999996,163.41769123679995,-0.021960000000000066,SL,2024-12-12 17:44:00
237,MSFT,2024-10-29 10:00:00,2024-10-31 10:01:00,427.36693999999994,417.9819619975999,-0.02196000000000008,SL,2024-11-26 13:36:00
238,GOOGL,2024-10-29 13:40:00,2024-11-21 15:45:00,167.51734999999996,163.83866899399996,-0.021960000000000035,SL,2024-12-13 17:44:00
239,MSFT,2024-10-30 10:00:00,2024-10-31 10:01:00,440.05961999999994,430.39591074479995,-0.02195999999999998,SL,2024-11-27 13:42:00
240,GOOGL,2024-10-30 13:40:00,2024-10-31 13:40:00,178.52834999999996,174.60786743399996,-0.021960000000000028,SL,2024-12-16 17:44:00
241,MSFT,2024-10-31 10:01:00,2024-10-31 14:32:00,414.95453999999995,405.84213830159996,-0.021959999999999983,SL,2024-11-29 13:50:00
242,AAPL,2024-10-31 10:02:00,2024-11-01 10:00:00,229.44921999999997,224.41051512879994,-0.02196000000000011,SL,2024-11-29 13:11:00
243,AAPL,2024-11-01 10:00:00,2025-03-11 16:17:00,223.40318,218.4972461672,-0.02196000000000001,SL,2024-12-02 16:01:00
244,GOOGL,2024-11-01 13:40:00,2024-11-21 14:42:00,171.24106999999998,167.48061610279996,-0.021960000000000136,SL,2024-12-18 17:44:00
245,AAPL,2024-11-04 11:01:00,2025-03-11 17:22:00,221.95172999999997,217.07767000919995,-0.021960000000000097,SL,2024-12-03 16:12:00
246,AAPL,2024-11-05 11:02:00,2025-03-12 14:41:00,221.69146999999998,216.82312531879998,-0.02196,SL,2024-12-04 16:13:00
247,GOOGL,2024-11-05 14:40:00,2024-11-21 15:07:00,169.65948999999998,165.93376759959997,-0.021960000000000018,SL,2024-12-20 17:44:00
248,AAPL,2024-11-06 11:00:00,2025-03-11 16:17:00,223.42319999999995,218.51682652799994,-0.021960000000000063,SL,2024-12-05 16:28:00
249,GOOGL,2024-11-06 14:40:00,2024-11-21 14:40:00,174.55437999999998,170.72116581519995,-0.02196000000000016,SL,2024-12-23 17:44:00
250,AAPL,2024-11-07 11:03:00,2025-03-11 16:28:00,223.03280999999998,218.13500949239997,-0.02196000000000005,SL,2024-12-06 16:39:00
251,GOOGL,2024-11-07 14:40:00,2024-11-14 16:17:00,178.82864999999998,174.901572846,-0.021959999999999938,SL,2024-12-24 17:44:00
252,AAPL,2024-11-08 11:02:00,2024-11-11 16:26:00,227.24702,222.2566754408,-0.021959999999999986,SL,2024-12-09 16:47:00
253,GOOGL,2024-11-08 14:40:00,2024-11-14 15:56:00,179.56938999999997,175.62604619559997,-0.02196000000000001,SL,2024-12-26 20:29:00
254,AAPL,2024-11-11 11:03:00,2024-11-11 17:45:00,226.38615999999996,221.41471992639995,-0.021960000000000035,SL,2024-12-10 16:41:00
255,GOOGL,2024-11-11 14:40:00,2024-11-14 15:59:00,179.17899999999997,175.24422915999997,-0.021959999999999997,SL,2024-12-27 20:29:00
256,AAPL,2024-11-12 11:01:00,2025-01-21 16:42:00,224.14391999999995,219.22171951679994,-0.021960000000000073,SL,2024-12-11 17:00:00
257,GOOGL,2024-11-12 14:40:00,2024-11-14 14:40:00,180.96077999999997,176.9868812712,-0.021959999999999896,SL,2024-12-30 20:29:00
258,AAPL,2024-11-13 11:05:00,2025-01-22 14:28:00,223.73350999999997,218.82032212039996,-0.021960000000000014,SL,2024-12-12 16:58:00
259,GOOGL,2024-11-13 14:40:00,2024-11-14 15:57:00,179.43925999999996,175.49877385039997,-0.021959999999999955,SL,2024-12-31 20:29:00
260,AAPL,2024-11-14 11:03:00,2025-01-21 16:16:00,224.71448999999998,219.7797597996,-0.02195999999999999,SL,2024-12-13 16:50:00
261,GOOGL,2024-11-14 14:40:00,2024-11-14 16:55:00,177.79762,173.8931842648,-0.02195999999999998,SL,2025-01-02 20:29:00
262,AAPL,2024-11-15 11:00:00,2025-01-21 14:42:00,226.16593999999998,221.19933595759997,-0.021960000000000035,SL,2024-12-16 17:06:00
263,GOOGL,2024-11-15 14:40:00,2024-11-21 14:40:00,173.64346999999998,169.83025939879997,-0.021960000000000073,SL,2025-01-03 20:29:00
264,NFLX,2024-11-18 11:00:00,2024-11-18 13:03:00,823.53271,805.4479316884,-0.021959999999999955,SL,2024-12-18 14:29:00
265,AAPL,2024-11-18 11:01:00,2025-01-21 14:44:00,225.5253,220.572764412,-0.021959999999999955,SL,2024-12-17 17:14:00
266,AAPL,2024-11-19 11:00:00,2025-01-21 14:31:00,227.78755999999998,222.7853451824,-0.021959999999999966,SL,2024-12-18 17:21:00
267,NFLX,2024-11-19 11:05:00,2025-01-14 20:07:00,840.7699299999998,822.3066223371999,-0.021959999999999927,SL,2024-12-19 15:06:00
268,AAPL,2024-11-20 11:00:00,2025-01-21 14:31:00,227.76753999999997,222.76576482159996,-0.021960000000000045,SL,2024-12-19 17:24:00
269,NFLX,2024-11-20 11:00:00,2025-01-10 14:37:00,875.6747999999999,856.4449813919998,-0.021960000000000087,SL,2024-12-20 14:56:00
270,AAPL,2024-11-21 11:00:00,2025-01-21 14:27:00,228.90867999999998,223.88184538719997,-0.02196000000000001,SL,2024-12-20 17:21:00
271,NFLX,2024-11-21 11:00:00,2024-11-25 16:09:00,886.0551699999999,866.5973984667997,-0.021960000000000136,SL,2024-12-23 15:18:00
272,AAPL,2024-11-22 11:00:00,2025-01-21 14:27:00,228.61838999999995,223.59793015559995,-0.02195999999999998,SL,2024-12-23 17:29:00
273,NFLX,2024-11-22 11:37:00,2024-11-25 15:26:00,897.0361399999999,877.3372263655999,-0.021960000000000018,SL,2024-12-24 16:44:00
274,NFLX,2024-11-25 11:00:00,2024-11-25 14:33:00,904.88398,885.0127277992,-0.02195999999999997,SL,2024-12-26 19:49:00
275,AAPL,2024-11-25 11:01:00,2025-01-21 11:28:00,230.83059999999998,225.76156002399998,-0.021959999999999997,SL,2024-12-26 12:13:00
276,NFLX,2024-11-26 11:00:00,2025-01-10 14:40:00,869.0481799999999,849.9638819671999,-0.02196000000000001,SL,2024-12-27 19:51:00
277,AAPL,2024-11-26 11:02:00,2025-01-21 11:00:00,232.74250999999995,227.63148448039996,-0.021959999999999966,SL,2024-12-27 12:56:00
278,NFLX,2024-11-27 11:00:00,2024-11-27 16:04:00,877.1863099999998,857.9232986323998,-0.02196000000000004,SL,2024-12-30 19:11:00
279,AAPL,2024-11-27 11:04:00,2025-01-13 15:00:00,234.50427,229.35455623079997,-0.021960000000000084,SL,2024-12-30 13:10:00
280,NFLX,2024-11-29 11:00:00,2025-01-10 13:30:00,884.47359,865.0505499636,-0.021959999999999917,SL,2025-01-02 11:26:00
281,AAPL,2024-11-29 11:07:00,2025-01-13 14:38:00,234.91467999999998,229.75595362719997,-0.021960000000000018,SL,2024-12-31 13:52:00
282,AAPL,2024-12-02 11:04:00,2025-01-13 14:27:00,237.43719999999996,232.22307908799993,-0.02196000000000012,SL,2024-12-31 20:36:00
283,MSFT,2024-12-02 11:07:00,2025-01-13 16:06:00,421.80137999999994,412.53862169519994,-0.021960000000000007,SL,2024-12-31 19:27:00
284,AAPL,2024-12-03 11:00:00,2025-01-10 16:14:00,240.02978999999996,234.75873581159996,-0.021960000000000007,SL,2025-01-02 20:30:00
285,MSFT,2024-12-03 11:01:00,2024-12-30 14:46:00,431.4510199999999,421.97635560079993,-0.02195999999999996,SL,2025-01-02 19:06:00
286,MSFT,2024-12-04 11:00:00,2024-12-30 13:05:00,434.49405999999993,424.9525704423999,-0.021960000000000042,SL,2025-01-03 20:04:00
287,AAPL,2024-12-04 11:01:00,2025-01-10 14:31:00,243.5433,238.195089132,-0.021959999999999983,SL,2025-01-06 11:25:00
288,MSFT,2024-12-05 11:00:00,2024-12-20 14:32:00,438.26782999999995,428.64346845319994,-0.02196000000000001,SL,2025-01-06 20:11:00
289,AAPL,2024-12-05 11:01:00,2025-01-10 14:32:00,243.23298999999997,237.89159353959997,-0.021960000000000025,SL,2025-01-07 11:20:00
290,AAPL,2024-12-06 11:00:00,2025-01-10 14:34:00,242.88263999999995,237.54893722559993,-0.0219600000000001,SL,2025-01-07 20:42:00
291,AAPL,2024-12-09 11:00:00,2025-01-10 14:34:00,242.96271999999996,237.62725866879995,-0.02196000000000004,SL,2025-01-08 20:34:00
292,AAPL,2024-12-10 11:01:00,2025-01-02 17:48:00,247.26701999999997,241.8370362408,-0.02195999999999994,SL,2025-01-10 20:28:00
293,AAPL,2024-12-11 11:30:00,2025-01-02 17:31:00,247.74749999999997,242.30696489999997,-0.021960000000000025,SL,2025-01-13 20:26:00
294,AAPL,2024-12-12 11:00:00,2025-01-02 17:31:00,247.86762,242.4244470648,-0.021959999999999927,SL,2025-01-14 19:49:00
295,AAPL,2024-12-13 11:00:00,2025-01-02 17:42:00,247.32708,241.89577732319998,-0.021960000000000063,SL,2025-01-15 19:51:00
296,AAPL,2024-12-16 11:09:00,2025-01-02 17:25:00,248.87862999999996,243.41325528519997,-0.021959999999999973,SL,2025-01-16 20:10:00
297,AAPL,2024-12-17 11:03:00,2025-01-02 14:36:00,250.62036999999998,245.11674667479997,-0.021960000000000042,SL,2025-01-17 19:38:00
298,AAPL,2024-12-18 11:00:00,2024-12-18 20:39:00,253.72346999999996,248.15170259879997,-0.021959999999999973,SL,2025-01-21 19:28:00
299,AAPL,2024-12-19 11:01:00,2025-01-02 17:30:00,248.02777999999998,242.5810899512,-0.02195999999999992,SL,2025-01-22 19:15:00
300,AAPL,2024-12-20 11:00:00,2025-01-02 17:31:00,247.83758999999998,242.39507652359998,-0.021959999999999983,SL,2025-01-23 19:12:00
301,AAPL,2024-12-23 11:01:00,2024-12-31 17:38:00,255.33507999999998,249.72792164319998,-0.02196,SL,2025-01-24 19:14:00
302,AAPL,2024-12-24 11:20:00,2024-12-31 17:29:00,255.78552999999997,250.16847976119996,-0.02196000000000002,SL,2025-01-27 19:06:00
303,AAPL,2024-12-26 11:29:00,2024-12-30 13:36:00,257.8576,252.195047104,-0.021959999999999976,SL,2025-01-28 15:19:00
304,MSFT,2024-12-27 11:00:00,2024-12-27 15:07:00,436.77633999999995,427.18473157359995,-0.021960000000000004,SL,2025-01-29 15:45:00
305,AAPL,2024-12-27 11:15:00,2024-12-27 16:50:00,259.12886999999995,253.43840001479992,-0.0219600000000001,SL,2025-01-29 14:26:00
306,AAPL,2024-12-30 11:01:00,2024-12-31 18:21:00,254.74448999999998,249.15030099959998,-0.021960000000000028,SL,2025-01-30 13:51:00
307,AAPL,2024-12-31 11:11:00,2025-01-02 14:25:00,253.28302999999997,247.72093466119998,-0.02195999999999997,SL,2025-01-31 13:33:00
308,AAPL,2025-01-02 11:00:00,2025-01-02 14:35:00,250.79053999999996,245.28317974159998,-0.02195999999999994,SL,2025-02-03 12:47:00
309,AAPL,2025-01-03 11:02:00,2025-01-10 14:31:00,243.64339999999999,238.29299093599997,-0.021960000000000077,SL,2025-02-04 12:46:00
310,AAPL,2025-01-06 11:01:00,2025-01-08 14:38:00,245.21496999999997,239.83004925879996,-0.021960000000000025,SL,2025-02-05 11:57:00
311,MSFT,2025-01-06 11:01:00,2025-01-10 14:46:00,427.62719999999996,418.23650668799996,-0.021959999999999993,SL,2025-02-05 13:17:00
312,AAPL,2025-01-07 11:00:00,2025-01-10 14:25:00,244.81456999999997,239.43844204279998,-0.021959999999999993,SL,2025-02-06 12:01:00
313,MSFT,2025-01-07 11:11:00,2025-01-07 20:34:00,429.41898999999995,419.98894897959997,-0.021959999999999962,SL,2025-02-06 13:09:00
314,MSFT,2025-01-08 11:01:00,2025-01-10 15:06:00,424.40398,415.0840685992,-0.021959999999999955,SL,2025-02-07 12:58:00
315,AAPL,2025-01-08 11:01:00,2025-01-10 14:34:00,243.07282999999998,237.73495065319997,-0.021960000000000035,SL,2025-02-07 12:19:00
316,AAPL,2025-01-10 11:00:00,2025-01-10 14:52:00,242.65240999999997,237.32376307639996,-0.02196000000000008,SL,2025-02-10 12:17:00
317,MSFT,2025-01-13 11:00:00,2025-02-12 13:32:00,415.22480999999993,406.10647317239994,-0.02195999999999998,SL,2025-02-11 12:59:00
318,AAPL,2025-01-14 11:00:00,2025-01-16 16:23:00,235.78554999999997,230.60769932199997,-0.021959999999999997,SL,2025-02-12 12:41:00
319,MSFT,2025-01-14 11:05:00,2025-01-14 20:11:00,419.30888999999996,410.10086677559997,-0.02195999999999999,SL,2025-02-12 13:08:00
320,AAPL,2025-01-15 11:00:00,2025-01-16 18:28:00,234.04380999999998,228.90420793239997,-0.021960000000000042,SL,2025-02-13 12:41:00
321,MSFT,2025-01-15 11:01:00,2025-02-03 12:46:00,415.76534999999996,406.6351429139999,-0.0219600000000001,SL,2025-02-13 12:56:00
322,AAPL,2025-01-16 11:05:00,2025-01-16 14:55:00,239.76952999999997,234.5041911212,-0.02195999999999992,SL,2025-02-14 12:39:00
323,MSFT,2025-01-17 11:00:00,2025-01-27 11:00:00,425.69526999999994,416.34700187079994,-0.02195999999999999,SL,2025-02-18 13:02:00
324,MSFT,2025-01-21 11:07:00,2025-01-27 11:00:00,431.05062,421.5847483848,-0.021960000000000004,SL,2025-02-19 13:11:00
325,MSFT,2025-01-22 11:00:00,2025-01-27 11:00:00,434.54411,425.0015213444,-0.02196000000000003,SL,2025-02-20 12:56:00
326,META,2025-02-18 11:01:00,2025-02-18 15:12:00,734.7339999999999,718.5992413599998,-0.02196000000000012,SL,2025-03-18 11:56:00
327,MSFT,2025-03-03 11:00:00,2025-03-03 20:12:00,397.50710999999995,388.77785386439996,-0.021959999999999993,SL,2025-03-31 12:44:00
328,MSFT,2025-03-04 11:01:00,2025-03-10 19:08:00,385.03464999999994,376.57928908599996,-0.021959999999999955,SL,2025-04-01 12:46:00
329,AAPL,2025-03-05 11:00:00,2025-03-05 14:49:00,237.16692999999998,231.95874421719995,-0.021960000000000125,SL,2025-04-02 11:30:00
330,MSFT,2025-03-05 11:00:00,2025-03-10 14:45:00,390.65025999999995,382.07158029039994,-0.021960000000000028,SL,2025-04-02 12:49:00
331,MSFT,2025-03-06 11:00:00,2025-03-07 16:26:00,395.67527999999993,386.98625085119994,-0.021959999999999976,SL,2025-04-03 12:49:00
332,AAPL,2025-03-06 11:00:00,2025-03-10 13:53:00,234.47423999999998,229.32518568959998,-0.021960000000000018,SL,2025-04-03 11:28:00
333,AAPL,2025-03-07 11:00:00,2025-03-10 13:51:00,234.85461999999998,229.69721254479998,-0.021960000000000007,SL,2025-04-04 11:25:00
334,MSFT,2025-03-07 11:00:00,2025-03-07 16:26:00,395.70530999999994,387.01562139239996,-0.02195999999999994,SL,2025-04-04 12:49:00
335,AAPL,2025-03-10 10:00:00,2025-03-10 13:36:00,236.28605,231.097208342,-0.021960000000000007,SL,2025-04-07 11:13:00
336,MSFT,2025-03-10 10:00:00,2025-03-10 14:54:00,389.58919999999995,381.0338211679999,-0.021960000000000084,SL,2025-04-07 12:34:00
337,MSFT,2025-03-11 10:00:00,2025-03-31 10:01:00,380.44005999999996,372.08559628239993,-0.021960000000000073,SL,2025-04-08 12:27:00
338,AAPL,2025-03-11 10:00:00,2025-03-11 13:32:00,227.32709999999997,222.33499688399996,-0.021960000000000045,SL,2025-04-08 11:08:00
339,MSFT,2025-03-12 10:00:00,2025-03-31 10:01:00,383.2228399999999,374.8072664335999,-0.021959999999999966,SL,2025-04-09 12:22:00
340,MSFT,2025-03-13 10:00:00,2025-03-31 10:01:00,382.23185,373.838038574,-0.021960000000000035,SL,2025-04-10 12:18:00
341,MSFT,2025-03-14 10:01:00,2025-03-31 10:01:00,381.50111999999996,373.12335540479995,-0.021960000000000018,SL,2025-04-11 12:16:00
342,AAPL,2025-03-17 10:00:00,2025-04-03 10:00:00,212.54233,207.87490043319997,-0.021960000000000115,SL,2025-04-14 10:55:00
343,MSFT,2025-03-17 10:05:00,2025-03-28 17:15:00,385.75536999999997,377.28418207479996,-0.021960000000000035,SL,2025-04-14 12:10:00
344,AAPL,2025-03-18 10:00:00,2025-03-21 13:25:00,213.81359999999998,209.11825334399998,-0.021959999999999993,SL,2025-04-15 11:23:00
345,MSFT,2025-03-18 10:00:00,2025-03-28 16:58:00,386.8464599999999,378.3513117383999,-0.021960000000000097,SL,2025-04-15 12:30:00
346,MSFT,2025-03-19 10:02:00,2025-03-28 19:36:00,384.35397,375.9135568188,-0.021960000000000073,SL,2025-04-16 12:30:00
347,AAPL,2025-03-19 10:05:00,2025-04-03 10:00:00,213.53331999999997,208.84412829279995,-0.021960000000000115,SL,2025-04-16 11:22:00
348,AAPL,2025-03-20 10:00:00,2025-03-21 12:38:00,215.58536999999998,210.85111527479995,-0.02196000000000015,SL,2025-04-17 11:12:00
349,MSFT,2025-03-20 10:00:00,2025-03-21 13:25:00,388.16777999999994,379.6436155511999,-0.021960000000000097,SL,2025-04-17 12:23:00
350,MSFT,2025-03-21 10:00:00,2025-03-28 17:15:00,385.81543,377.3429231572,-0.021959999999999966,SL,2025-04-21 12:49:00
351,MSFT,2025-03-24 10:02:00,2025-03-28 13:32:00,394.47407999999996,385.81142920319996,-0.021959999999999986,SL,2025-04-22 12:52:00
352,AAPL,2025-03-25 10:04:00,2025-03-31 10:00:00,220.6204,215.775576016,-0.02195999999999994,SL,2025-04-23 11:29:00
353,MSFT,2025-03-25 10:06:00,2025-03-28 14:14:00,392.98258999999996,384.35269232359997,-0.02195999999999998,SL,2025-04-23 12:43:00
354,MSFT,2025-03-26 10:02:00,2025-03-28 13:32:00,394.57417999999996,385.90933100719997,-0.021959999999999976,SL,2025-04-24 12:22:00
355,AAPL,2025-03-27 10:00:00,2025-03-31 10:00:00,221.28105999999997,216.42172792239998,-0.021959999999999945,SL,2025-04-25 11:15:00
356,MSFT,2025-03-27 10:01:00,2025-03-28 14:41:00,391.10070999999994,382.51213840839995,-0.02195999999999997,SL,2025-04-25 11:50:00
357,MSFT,2025-03-28 10:01:00,2025-03-28 16:17:00,388.27788999999996,379.75130753559995,-0.02196000000000002,SL,2025-04-28 11:40:00
358,MSFT,2025-03-31 10:01:00,2025-04-04 10:21:00,372.44206999999994,364.2632421427999,-0.021960000000000056,SL,2025-04-29 11:44:00
359,MSFT,2025-04-01 10:00:00,2025-04-04 10:08:00,375.7153399999999,367.46463113359994,-0.021959999999999938,SL,2025-04-30 11:45:00
360,MSFT,2025-04-02 10:00:00,2025-04-03 10:07:00,380.13975999999997,371.7918908704,-0.021959999999999962,SL,2025-05-01 11:41:00
361,MSFT,2025-04-03 10:00:00,2025-04-04 10:20:00,373.0126399999999,364.8212824255999,-0.021960000000000007,SL,2025-05-02 11:39:00
362,BTCUSD,2025-04-03 23:59:00,2025-04-06 17:30:00,83148.25519,81322.31950602759,-0.021960000000000073,SL,2025-05-04 00:22:00
363,MSFT,2025-04-04 10:00:00,2025-04-04 10:28:00,369.3990299999999,361.28702730119994,-0.02195999999999996,SL,2025-05-05 11:47:00
364,BTCUSD,2025-04-04 23:59:00,2025-04-06 13:53:00,83907.20337999999,82064.60119377519,-0.02196000000000002,SL,2025-05-05 00:22:00
365,MSFT,2025-04-07 10:00:00,2025-05-14 13:32:00,346.11576999999994,449.05059999799994,0.29740000000000005,TP,2025-05-06 11:47:00
366,MSFT,2025-04-08 10:00:00,2025-04-09 11:00:00,357.22686999999996,349.38216793479995,-0.02196000000000003,SL,2025-05-07 11:51:00
367,GOOGL,2025-04-08 13:40:00,2025-04-08 16:37:00,150.82066999999998,147.50864808679998,-0.021959999999999997,SL,2025-05-23 14:22:00
368,MSFT,2025-04-09 10:00:00,2025-05-28 12:16:00,354.18382999999994,459.51810104199996,0.29740000000000005,TP,2025-05-08 11:56:00
369,GOOGL,2025-04-09 13:40:00,2025-05-27 14:22:00,145.70556,171.55620000000002,0.17741697708721635,Hold,2025-05-27 14:22:00
370,BTCUSD,2025-04-09 23:59:00,2025-04-10 13:37:00,82757.37469999999,80940.02275158798,-0.021960000000000056,SL,2025-05-10 00:22:00
371,MSFT,2025-04-10 10:00:00,2025-04-10 15:23:00,384.46407999999997,376.02124880319997,-0.021960000000000004,SL,2025-05-09 12:03:00
372,BTCUSD,2025-04-10 23:59:00,2025-05-08 21:21:00,79694.44483,103395.572722442,0.29740000000000005,TP,2025-05-11 00:22:00
373,MSFT,2025-04-11 10:00:00,2025-04-16 13:46:00,384.45406999999994,376.0114586227999,-0.021960000000000063,SL,2025-05-12 12:07:00
374,BTCUSD,2025-04-11 23:59:00,2025-05-21 14:55:00,83539.17571999998,108383.726579128,0.29740000000000016,TP,2025-05-12 00:22:00
375,MSFT,2025-04-14 10:00:00,2025-04-16 10:00:00,391.16076999999996,382.5708794908,-0.021959999999999903,SL,2025-05-13 12:10:00
376,MSFT,2025-04-15 10:00:00,2025-04-16 11:04:00,388.45806999999996,379.9275307827999,-0.021960000000000115,SL,2025-05-14 11:54:00
377,NFLX,2025-04-15 10:03:00,2025-06-05 12:49:00,957.2262699999999,1241.9053626979999,0.2974,TP,2025-05-14 17:25:00
378,NFLX,2025-04-16 10:00:00,2025-04-16 17:46:00,980.2792999999998,958.7523665719998,-0.02196000000000001,SL,2025-05-15 18:01:00
379,MSFT,2025-04-16 10:00:00,2025-04-16 14:01:00,383.05267,374.64083336679994,-0.021960000000000104,SL,2025-05-15 11:57:00
380,NFLX,2025-04-17 10:00:00,2025-05-16 18:29:00,974.2432699999998,1188.3685,0.21978620391188358,Hold,2025-05-16 18:29:00
381,MSFT,2025-04-17 10:00:00,2025-04-21 10:06:00,374.16379,365.9471531716,-0.021959999999999997,SL,2025-05-16 12:04:00
382,BTCUSD,2025-04-17 23:59:00,2025-05-21 23:26:00,84972.24736,110242.99372486399,0.2974,TP,2025-05-17 23:58:00
383,MSFT,2025-04-21 10:06:00,2025-04-21 18:07:00,363.69332999999995,355.70662447319995,-0.021959999999999986,SL,2025-05-19 12:11:00
384,BTCUSD,2025-04-21 23:59:00,2025-05-21 23:58:00,87623.82628999998,109402.41668000001,0.24854644349724653,Hold,2025-05-21 23:58:00
385,MSFT,2025-04-22 10:00:00,2025-06-06 12:30:00,361.73136999999997,469.31027943799995,0.2974,TP,2025-05-20 11:47:00
386,MSFT,2025-04-23 10:00:00,2025-05-21 11:49:00,375.57519999999994,454.77862,0.21088564953170513,Hold,2025-05-21 11:49:00
387,GOOGL,2025-04-23 13:40:00,2025-05-07 15:31:00,156.06590999999997,152.6387026164,-0.02195999999999986,SL,2025-06-09 13:59:00
388,MSFT,2025-04-24 10:00:00,2025-05-22 11:51:00,373.36298999999997,451.51516000000004,0.20931954182175389,Hold,2025-05-22 11:51:00
389,NFLX,2025-04-24 10:00:00,2025-05-23 10:05:00,1045.03399,1185.61402,0.13452196899356364,Hold,2025-05-23 10:05:00
390,MSFT,2025-04-25 10:01:00,2025-05-23 12:06:00,387.89750999999995,447.76268000000005,0.1543324420927582,Hold,2025-05-23 12:06:00
391,GOOGL,2025-04-25 13:40:00,2025-04-28 13:40:00,164.00384,160.40231567360001,-0.021959999999999893,SL,2025-06-11 13:59:00
392,MSFT,2025-04-28 10:00:00,2025-05-27 12:03:00,391.41101999999995,454.90836,0.16222675590482882,Hold,2025-05-27 12:03:00
393,GOOGL,2025-04-28 13:40:00,2025-04-29 13:43:00,160.66049999999998,157.13239542,-0.02195999999999994,SL,2025-06-12 13:59:00
394,BTCUSD,2025-04-28 23:59:00,2025-04-30 13:57:00,95024.35942999998,92937.62449691718,-0.021960000000000004,SL,2025-05-28 23:58:00
395,GOOGL,2025-04-29 13:40:00,2025-05-07 15:07:00,157.86771,154.40093508839996,-0.02196000000000017,SL,2025-06-13 13:59:00
396,BTCUSD,2025-04-29 23:59:00,2025-05-29 23:58:00,94372.47819999998,105436.51438,0.11723795317266568,Hold,2025-05-29 23:58:00
397,GOOGL,2025-04-30 13:40:00,2025-05-07 15:25:00,156.73658,153.2946447032,-0.02196000000000007,SL,2025-06-16 13:59:00
398,BTCUSD,2025-04-30 23:59:00,2025-05-30 23:58:00,94275.85166999999,103776.54097999999,0.1007754280837037,Hold,2025-05-30 23:58:00
399,NFLX,2025-05-01 10:12:00,2025-05-05 10:05:00,1127.9768499999998,1103.2064783739997,-0.021960000000000042,SL,2025-06-02 12:32:00
400,BTCUSD,2025-05-01 23:59:00,2025-05-04 23:23:00,96524.70827999999,94405.0256861712,-0.02195999999999995,SL,2025-05-31 23:58:00
401,NFLX,2025-05-02 10:04:00,2025-05-05 10:00:00,1134.77364,1109.8540108655998,-0.0219600000000001,SL,2025-06-03 11:38:00
402,BTCUSD,2025-05-02 23:59:00,2025-05-04 22:32:00,96945.88903999998,94816.95731668158,-0.02195999999999998,SL,2025-06-01 23:58:00
403,NFLX,2025-05-05 10:00:00,2025-05-05 11:55:00,1112.1810699999999,1087.7575737027998,-0.021960000000000018,SL,2025-06-04 11:42:00
404,BTCUSD,2025-05-05 23:59:00,2025-06-04 23:58:00,94864.99021999999,104465.99930000001,0.1012070844864313,Hold,2025-06-04 23:58:00
405,NFLX,2025-05-06 10:00:00,2025-05-12 15:40:00,1125.6745499999997,1100.954736882,-0.021959999999999844,SL,2025-06-05 12:13:00
406,BTCUSD,2025-05-06 23:59:00,2025-06-05 23:58:00,96877.98119999998,101331.40106,0.045969371005018675,Hold,2025-06-05 23:58:00
407,NFLX,2025-05-07 10:00:00,2025-05-12 13:06:00,1143.2621199999999,1118.1560838448,-0.021959999999999955,SL,2025-06-06 12:29:00
408,BTCUSD,2025-05-07 23:59:00,2025-06-06 23:58:00,97104.67766999999,104164.7031,0.07270530729727316,Hold,2025-06-06 23:58:00
409,NFLX,2025-05-08 10:00:00,2025-05-08 14:17:00,1165.6044399999998,1140.0077664975997,-0.021960000000000097,SL,2025-06-09 12:10:00
410,BTCUSD,2025-05-08 23:59:00,2025-05-12 18:32:00,103329.69647,101060.5763355188,-0.02196,SL,2025-06-07 23:58:00
411,NFLX,2025-05-09 10:00:00,2025-05-12 12:59:00,1144.61347,1119.4777581988,-0.02195999999999994,SL,2025-06-10 12:31:00
412,MSFT,2025-06-02 10:04:00,2025-06-16 16:07:00,457.43697999999995,478.72064,0.046528070380317865,Hold,2025-06-16 16:07:00
413,MSFT,2025-06-03 10:02:00,2025-06-16 16:07:00,460.63016999999996,478.72064,0.03927330682660243,Hold,2025-06-16 16:07:00
414,MSFT,2025-06-04 10:03:00,2025-06-16 16:07:00,462.52205999999995,478.72064,0.03502228628835574,Hold,2025-06-16 16:07:00
415,MSFT,2025-06-05 10:08:00,2025-06-16 16:07:00,464.5641,478.72064,0.03047273777719804,Hold,2025-06-16 16:07:00
416,MSFT,2025-06-06 10:01:00,2025-06-16 16:07:00,469.79932999999994,478.72064,0.01898961839728478,Hold,2025-06-16 16:07:00
417,MSFT,2025-06-09 10:00:00,2025-06-16 16:07:00,469.9895199999999,478.72064,0.018577265297320015,Hold,2025-06-16 16:07:00
418,MSFT,2025-06-10 10:00:00,2025-06-16 16:07:00,471.89142,478.72064,0.014472015617491034,Hold,2025-06-16 16:07:00
419,MSFT,2025-06-11 10:02:00,2025-06-16 16:07:00,468.77831,478.72064,0.021209023088120324,Hold,2025-06-16 16:07:00
420,MSFT,2025-06-12 10:00:00,2025-06-16 16:07:00,473.35287999999997,478.72064,0.011339869739463786,Hold,2025-06-16 16:07:00
421,MSFT,2025-06-13 10:00:00,2025-06-16 16:07:00,473.39291999999995,478.72064,0.011254329701424468,Hold,2025-06-16 16:07:00
422,MSFT,2025-06-16 10:06:00,2025-06-16 16:07:00,475.95547999999997,478.72064,0.005809703041973668,Hold,2025-06-16 16:07:00
