timestamp,open,high,low,close,volume
2020-01-02,159.22,160.14,158.68,160.03,5270
2020-01-03,159.55,159.84,158.97,159.09,6558
2020-01-06,157.56,158.8,157.48,158.45,6988
2020-01-07,158.79,159.02,157.72,157.98,5881
2020-01-08,158.39,160.7,158.1,160.35,7108
2020-01-09,162.02,162.12,160.96,161.65,6565
2020-01-10,162.24,163.13,161.23,161.31,6705
2020-01-13,161.64,162.96,161.17,162.83,4983
2020-01-14,162.63,163.49,161.96,162.17,7340
2020-01-15,163.1,163.84,162.87,163.11,6948
2020-01-16,164.26,165.61,164.14,165.61,5965
2020-01-17,166.07,166.69,165.33,166.62,6259
2020-01-21,166.81,168.1,166.43,166.6,6365
2020-01-22,167.27,167.41,165.62,165.68,5840
2020-01-23,165.86,166.54,165.48,166.31,6259
2020-01-24,167.18,167.42,164.38,164.52,10172
2020-01-27,161.81,163.27,161.53,162.27,10218
2020-01-28,163.05,165.64,163.05,165.48,7235
2020-01-29,166.89,168.63,165.6,168.21,8878
2020-01-30,173.27,173.49,170.68,173.03,11880
2020-01-31,172.13,172.13,169.49,170.12,12664
2020-02-03,170.83,174.22,170.76,173.98,9386
2020-02-04,176.54,180.54,176.5,179.59,8112
2020-02-05,182.51,182.51,178.34,179.76,11660
2020-02-06,180.46,183.72,180.29,182.91,8584
2020-02-07,182.99,185.51,182.73,183.87,9638
2020-02-10,183.83,188.03,183.82,187.88,8391
2020-02-11,187.81,189.37,183.31,184.43,11828
2020-02-12,184.24,185.06,181.7,183.9,10407
2020-02-13,183.99,186.01,182.75,183.64,11727
2020-02-14,183.21,185.15,182.51,184.64,8719
2020-02-18,185.82,187.21,185.53,186.9,8532
2020-02-19,187.29,187.69,186.45,187.2,5926
2020-02-20,186.69,186.84,181.03,184.49,13165
2020-02-21,181.52,181.75,177.23,178.04,14921
2020-02-24,171.75,174.51,170.64,171.93,19172
2020-02-25,173.87,173.87,167.75,168.3,22703
2020-02-26,171.49,173.21,168.19,170.3,22461
2020-02-27,166.02,166.97,159.99,160.17,29247
2020-02-28,156.04,163.65,153.57,157.52,31963
2020-03-02,164.21,169.11,162.29,168.66,23961
2020-03-03,170.29,174.81,162.26,165.51,28110
2020-03-04,166.51,169.1,165.55,168.76,19620
2020-03-05,167.29,170.83,165.67,166.68,23095
2020-03-06,161.92,162.4,156.0,159.5,26694
2020-03-09,154.98,157.61,151.3,154.23,26175
2020-03-10,156.82,159.2,152.58,158.15,23537
2020-03-11,156.62,157.17,151.12,154.35,19942
2020-03-12,147.05,153.25,141.01,143.06,21653
2020-03-13,144.56,148.19,140.72,148.02,21130
2020-03-16,142.42,149.29,138.73,142.03,19663
2020-03-17,136.52,147.43,134.9,146.12,20637
2020-03-18,140.16,145.85,134.94,137.68,20819
2020-03-19,140.24,150.06,138.95,147.25,23987
2020-03-20,143.77,147.02,137.89,138.99,26191
2020-03-23,138.85,140.52,132.49,134.77,23192
2020-03-24,142.49,149.54,141.26,147.7,20681
2020-03-25,150.62,154.27,144.39,149.98,22164
2020-03-26,151.51,154.18,149.22,153.46,19566
2020-03-27,151.04,154.85,149.17,152.36,18640
2020-03-30,156.04,160.52,156.01,159.53,17228
2020-03-31,158.99,164.67,156.93,159.15,19527
2020-04-01,155.39,157.67,150.75,150.91,17697
2020-04-02,153.67,155.39,150.27,154.01,26538
2020-04-03,156.16,157.29,152.13,152.61,23015
2020-04-06,160.33,163.29,159.52,163.25,13832
2020-04-07,166.88,168.45,164.0,165.47,27370
2020-04-08,165.76,166.14,163.65,164.34,18543
2020-04-09,165.82,167.28,163.26,165.01,21699
2020-04-13,163.5,164.84,162.23,164.8,16072
2020-04-14,169.34,173.62,169.26,173.32,16520
2020-04-15,170.79,173.48,169.18,172.21,18974
2020-04-16,173.75,176.67,172.84,175.93,28270
2020-04-17,177.77,179.76,175.8,177.12,22909
2020-04-20,176.57,178.67,175.57,176.12,18294
2020-04-21,171.0,172.25,166.0,169.05,21638
2020-04-22,172.08,173.52,170.76,173.47,15480
2020-04-23,174.45,174.97,170.84,171.62,44149
2020-04-24,171.7,173.94,170.65,173.91,31379
2020-04-27,175.95,176.11,173.31,174.54,21940
2020-04-28,174.4,174.99,170.11,170.47,33615
2020-04-29,172.38,177.52,172.29,177.43,27311
2020-04-30,177.89,179.79,176.8,178.17,40186
2020-05-01,176.31,178.58,174.37,175.06,35629
2020-05-04,174.64,178.62,174.58,178.48,28203
2020-05-05,180.96,183.57,179.84,180.86,23185
2020-05-06,183.22,184.12,181.58,182.68,28507
2020-05-07,183.67,184.43,182.52,182.97,21384
2020-05-08,184.05,184.9,183.3,184.49,16052
2020-05-11,184.39,187.4,183.99,187.22,17029
2020-05-12,185.93,186.84,183.37,183.59,22665
2020-05-13,181.49,183.97,176.48,178.6,59832
2020-05-14,178.0,179.24,175.59,179.02,52681
2020-05-15,179.1,182.31,176.95,181.46,41880
2020-05-18,184.63,185.96,183.75,185.45,24048
2020-05-19,185.8,186.26,183.92,184.51,25965
2020-05-20,184.88,185.72,183.91,185.69,22770
2020-05-21,186.24,186.63,183.34,184.15,28123
2020-05-22,182.78,184.43,182.52,183.13,19019
2020-05-26,185.0,185.37,181.21,181.27,9638
2020-05-27,179.11,181.43,176.57,181.41,19648
2020-05-28,181.41,184.1,180.36,182.25,13640
2020-05-29,182.53,184.18,180.38,184.12,21440
2020-06-01,181.61,182.96,181.49,182.18,8810
2020-06-02,182.94,183.9,181.33,183.9,9957
2020-06-03,183.81,185.35,183.54,185.3,7484
2020-06-04,184.89,185.8,182.34,182.72,11087
2020-06-05,184.28,187.69,183.83,186.95,12705
2020-06-08,185.57,188.24,184.42,188.1,7803
2020-06-09,187.93,190.66,187.23,190.1,9448
2020-06-10,192.18,198.49,191.67,198.23,17059
2020-06-11,192.47,195.73,186.76,188.34,30687
2020-06-12,190.75,191.67,185.18,187.25,38787
2020-06-15,185.99,190.79,185.37,189.06,26028
2020-06-16,192.61,195.54,191.44,192.42,27088
2020-06-17,194.99,196.28,193.64,194.29,13530
2020-06-18,195.09,196.42,194.21,195.7,12584
2020-06-19,198.97,199.23,194.31,196.46,16358
2020-06-22,195.56,200.13,195.56,199.94,11396
2020-06-23,202.72,203.87,201.65,202.43,11112
2020-06-24,202.84,203.04,196.51,198.41,26784
2020-06-25,197.95,199.58,195.4,199.27,20592
2020-06-26,198.53,198.73,194.83,197.49,25469
2020-06-29,194.18,198.12,193.48,197.71,16981
2020-06-30,198.89,202.46,198.69,202.45,13476
2020-07-01,202.33,206.28,201.95,205.95,14482
2020-07-02,206.35,207.94,206.0,207.11,13175
2020-07-06,208.79,211.04,208.02,210.75,13058
2020-07-07,210.55,214.58,209.7,209.76,14279
2020-07-08,211.15,213.18,208.63,212.41,16069
2020-07-09,214.96,215.67,211.41,213.74,20323
2020-07-10,211.97,213.62,211.01,213.03,13277
2020-07-13,214.57,215.72,208.0,209.25,20530
2020-07-14,206.43,208.18,201.96,207.2,34164
2020-07-15,209.44,211.24,205.0,207.47,24875
2020-07-16,205.38,205.58,202.25,204.15,18048
2020-07-17,203.96,203.97,201.33,202.92,12642
2020-07-20,203.49,211.83,202.94,211.61,14088
2020-07-21,211.01,212.59,208.4,209.08,19802
2020-07-22,210.0,211.66,208.33,211.35,14685
2020-07-23,208.88,210.81,202.15,203.06,27974
2020-07-24,198.12,202.8,197.46,201.42,25638
2020-07-27,202.33,203.9,200.81,203.74,15325
2020-07-28,202.9,204.6,202.19,202.29,14078
2020-07-29,202.18,204.58,201.96,204.25,11770
2020-07-30,201.1,204.38,199.51,203.68,17842
2020-07-31,201.81,204.23,198.96,203.17,22819
2020-08-03,213.07,217.52,211.31,216.74,16683
2020-08-04,212.41,214.08,210.24,211.86,13261
2020-08-05,213.09,214.31,212.0,212.1,9507
2020-08-06,212.2,216.28,211.48,215.48,10877
2020-08-07,214.15,215.62,210.87,212.11,16046
2020-08-10,209.91,209.91,206.25,207.33,16326
2020-08-11,204.55,207.54,203.73,204.48,19377
2020-08-12,205.85,210.18,205.0,209.1,13501
2020-08-13,210.85,211.24,208.06,208.69,14418
2020-08-14,209.06,209.24,207.39,207.96,12565
2020-08-17,208.8,210.94,208.7,210.0,7434
2020-08-18,211.58,211.94,208.79,211.36,9562
2020-08-19,211.28,212.06,209.41,210.33,12216
2020-08-20,210.07,214.95,209.89,214.84,9768
2020-08-21,214.15,216.2,212.9,213.12,10245
2020-08-24,214.52,215.48,212.4,213.3,14235
2020-08-25,213.92,216.47,213.57,216.01,10555
2020-08-26,217.92,222.04,217.53,220.65,13149
2020-08-27,220.48,231.08,220.48,227.69,24394
2020-08-28,228.93,230.31,226.55,228.7,12491
2020-08-31,227.77,228.63,224.3,226.06,10987
2020-09-01,225.28,226.9,224.57,226.68,10449
2020-09-02,229.54,232.81,228.25,232.07,17259
2020-09-03,227.04,227.45,214.95,217.03,29811
2020-09-04,216.54,218.29,205.18,215.1,40616
2020-09-08,206.95,209.97,203.15,203.76,28299
2020-09-09,206.76,214.78,206.75,211.74,21497
2020-09-10,213.28,213.33,204.09,206.35,23347
2020-09-11,206.3,208.48,201.21,204.05,22062
2020-09-14,205.78,209.14,204.8,206.58,18439
2020-09-15,209.14,209.59,206.9,207.53,13298
2020-09-16,208.97,209.36,204.85,205.63,18069
2020-09-17,202.09,204.26,199.95,202.09,27627
2020-09-18,202.36,203.05,196.22,199.84,27197
2020-09-21,197.27,201.37,196.34,201.29,31011
2020-09-22,203.7,207.47,202.04,207.39,20270
2020-09-23,206.12,206.57,200.53,201.72,23528
2020-09-24,200.32,205.53,200.29,202.97,29451
2020-09-25,203.27,209.0,202.52,208.09,19213
2020-09-28,211.94,212.27,208.03,209.42,16245
2020-09-29,209.43,210.03,206.79,207.61,13584
2020-09-30,207.12,211.92,206.5,209.77,20656
2020-10-01,213.0,213.51,211.3,212.23,18464
2020-10-02,209.57,210.95,205.53,207.37,25591
2020-10-05,207.52,210.25,207.38,209.9,9378
2020-10-06,209.18,210.12,204.82,205.76,18971
2020-10-07,207.84,209.95,206.69,209.42,11643
2020-10-08,209.95,211.15,208.29,209.98,11706
2020-10-09,212.14,215.46,212.14,215.4,10227
2020-10-12,219.23,223.81,216.77,221.81,15591
2020-10-13,221.82,225.04,220.42,224.26,19129
2020-10-14,223.84,224.17,219.09,221.69,16667
2020-10-15,218.05,220.3,216.4,220.07,16463
2020-10-16,220.05,222.24,219.7,220.25,12681
2020-10-19,221.81,222.24,213.69,214.55,18495
2020-10-20,215.26,217.31,213.07,215.57,17672
2020-10-21,214.83,216.88,213.67,215.68,17745
2020-10-22,215.2,215.62,211.69,215.15,16584
2020-10-23,213.76,216.11,213.13,216.08,12511
2020-10-26,214.92,216.29,208.07,209.3,18894
2020-10-27,211.12,214.58,210.29,214.54,13804
2020-10-28,207.62,207.94,203.99,204.43,23906
2020-10-29,204.06,207.32,203.33,206.04,20088
2020-10-30,203.86,203.97,199.61,201.26,29106
2020-11-02,204.8,205.22,200.1,200.61,21173
2020-11-03,203.92,208.06,203.49,207.29,16875
2020-11-04,213.23,218.26,212.39,216.4,22093
2020-11-05,223.05,224.05,221.47,222.45,15831
2020-11-06,219.16,224.13,218.0,223.89,14504
2020-11-09,224.35,228.06,220.51,221.15,30668
2020-11-10,214.5,214.71,209.69,211.01,26229
2020-11-11,214.12,218.0,213.85,216.95,14234
2020-11-12,218.49,219.06,214.7,215.15,18448
2020-11-13,216.33,217.36,214.13,217.3,11629
2020-11-16,215.22,217.67,215.22,216.47,11958
2020-11-17,217.0,217.39,214.04,214.52,10272
2020-11-18,214.41,215.11,211.79,212.04,10638
2020-11-19,210.29,212.95,209.89,212.7,10586
2020-11-20,211.52,213.24,211.01,211.43,7657
2020-11-23,211.65,212.26,208.14,210.32,13192
2020-11-24,209.42,214.2,208.83,212.92,10662
2020-11-25,214.5,214.79,212.43,214.25,9395
2020-11-27,214.58,216.21,214.06,215.33,4635
2020-11-30,213.2,214.41,210.81,213.02,12856
2020-12-01,213.61,217.26,213.34,215.91,9812
2020-12-02,213.75,215.37,212.75,214.95,9905
2020-12-03,214.73,216.34,213.95,214.47,9251
2020-12-04,214.3,215.33,213.14,213.58,6614
2020-12-07,215.35,215.47,212.96,213.42,6847
2020-12-08,213.52,216.92,212.85,216.05,8057
2020-12-09,214.23,214.66,211.18,211.9,15975
2020-12-10,212.16,213.02,210.33,211.33,11436
2020-12-11,209.82,213.11,209.08,212.59,12650
2020-12-14,214.0,216.16,213.78,214.03,10622
2020-12-15,213.96,214.31,212.22,213.99,9309
2020-12-16,214.87,220.06,214.87,219.85,9061
2020-12-17,220.44,220.58,217.89,218.73,7189
2020-12-18,218.6,218.79,216.01,217.66,9297
2020-12-21,220.01,223.95,217.26,222.14,12856
2020-12-22,223.56,225.58,222.92,223.57,10746
2020-12-23,222.56,223.31,221.93,222.27,7064
2020-12-24,222.85,223.55,221.23,222.25,3839
2020-12-28,223.87,225.96,222.99,225.16,6870
2020-12-29,226.99,227.12,223.54,224.59,8636
2020-12-30,223.42,223.73,221.6,222.04,5687
2020-12-31,222.21,222.44,219.63,219.97,3682
2021-01-04,219.96,220.88,214.79,217.49,17503
2021-01-05,217.81,218.48,215.94,217.69,10127
2021-01-06,213.02,216.43,212.4,213.44,17858
2021-01-07,215.46,219.3,215.28,219.0,9281
2021-01-08,219.84,220.52,217.01,219.78,13357
2021-01-11,217.91,218.87,216.79,217.58,11403
2021-01-12,215.93,216.05,213.27,215.11,10911
2021-01-13,214.4,216.7,214.07,216.64,8708
2021-01-14,216.43,216.49,213.48,214.08,8561
2021-01-15,213.94,214.33,212.02,213.09,12972
2021-01-19,213.61,216.93,212.6,216.25,8854
2021-01-20,220.36,225.73,219.96,225.33,10400
2021-01-21,222.78,226.24,222.4,225.99,9837
2021-01-22,227.49,230.02,226.49,226.9,10173
2021-01-25,228.84,229.14,224.23,228.42,18452
2021-01-26,231.06,234.12,230.06,232.7,13884
2021-01-27,234.11,240.39,230.1,232.08,31275
2021-01-28,230.6,242.59,229.16,238.71,25963
2021-01-29,234.99,237.96,231.33,233.08,27703
2021-02-01,234.48,242.45,232.43,240.14,20669
2021-02-02,241.41,242.27,238.66,240.54,13632
2021-02-03,240.66,245.04,238.81,243.9,14089
2021-02-04,243.76,244.03,240.32,241.22,11982
2021-02-05,242.3,243.21,240.4,241.44,10658
2021-02-08,243.38,243.57,240.77,241.64,10097
2021-02-09,241.76,244.71,241.05,244.4,9349
2021-02-10,244.73,245.87,240.86,242.35,15958
2021-02-11,243.62,245.03,242.14,243.65,11736
2021-02-12,243.59,244.74,242.69,244.09,8021
2021-02-16,245.46,246.06,242.88,243.43,11327
2021-02-17,243.11,243.99,240.43,243.79,11449
2021-02-18,242.6,243.77,240.83,243.63,11549
2021-02-19,243.85,244.58,240.14,241.04,12033
2021-02-22,236.97,237.81,232.37,234.94,15030
2021-02-23,230.11,234.78,228.7,233.76,26585
2021-02-24,233.2,235.13,228.97,234.4,21050
2021-02-25,233.29,234.52,227.84,229.11,29044
2021-02-26,228.45,235.16,226.97,234.06,30145
2021-03-01,235.43,237.24,233.11,236.7,13688
2021-03-02,235.81,237.34,233.42,234.71,18028
2021-03-03,234.95,235.45,227.27,227.81,22568
2021-03-04,226.15,232.44,224.22,226.34,40576
2021-03-05,226.01,233.22,224.92,232.15,33806
2021-03-08,227.0,233.32,226.42,229.31,29891
2021-03-09,231.94,235.34,231.45,234.48,15631
2021-03-10,233.23,236.87,232.14,232.56,26390
2021-03-11,236.07,239.13,233.82,237.56,15046
2021-03-12,232.71,235.68,232.28,235.52,16943
2021-03-15,236.34,236.5,231.77,233.65,12002
2021-03-16,235.4,240.01,235.1,238.65,14237
2021-03-17,237.12,238.49,233.2,237.09,19546
2021-03-18,234.74,235.69,230.5,230.89,16996
2021-03-19,232.4,232.41,229.31,231.29,16369
2021-03-22,232.12,236.85,229.97,236.09,11646
2021-03-23,235.19,241.0,235.19,237.73,17310
2021-03-24,239.51,239.51,235.29,236.08,17229
2021-03-25,235.7,236.88,231.53,233.01,21304
2021-03-26,232.91,235.39,230.38,235.0,17634
2021-03-29,235.62,236.72,231.84,235.02,15867
2021-03-30,233.68,234.09,231.06,231.89,13114
2021-03-31,232.22,239.02,232.13,236.88,13569
2021-04-01,238.08,242.05,237.94,241.97,12357
2021-04-05,242.6,249.92,241.82,248.29,13416
2021-04-06,247.8,249.35,246.85,248.02,11768
2021-04-07,248.44,250.88,247.12,249.47,10367
2021-04-08,251.88,254.08,251.54,253.18,11214
2021-04-09,252.58,255.45,251.91,255.15,9670
2021-04-12,256.42,257.62,254.43,256.31,11655
2021-04-13,256.33,259.13,255.37,258.33,11262
2021-04-14,259.22,259.64,255.12,255.7,13010
2021-04-15,256.7,259.88,256.7,259.22,10474
2021-04-16,259.37,260.8,257.58,260.71,10346
2021-04-19,261.23,261.43,257.79,258.78,14023
2021-04-20,257.92,260.14,256.81,258.33,14311
2021-04-21,257.82,260.29,257.2,260.0,11470
2021-04-22,259.85,261.7,255.62,256.97,16158
2021-04-23,257.87,261.46,257.25,261.15,9609
2021-04-26,260.66,262.39,260.14,261.45,8969
2021-04-27,261.68,262.7,260.08,262.67,10523
2021-04-28,256.05,256.58,252.93,254.74,15656
2021-04-29,255.55,256.05,249.04,252.63,14444
2021-04-30,250.88,253.04,249.2,251.9,12954
2021-05-03,252.46,254.3,251.08,251.49,11355
2021-05-04,251.42,251.43,245.73,246.94,16887
2021-05-05,248.85,249.44,245.78,246.77,11495
2021-05-06,246.66,248.62,244.64,248.39,15372
2021-05-07,250.05,254.26,249.7,252.72,13897
2021-05-10,251.17,251.68,247.4,248.33,12691
2021-05-11,243.77,246.54,242.55,245.27,19166
2021-05-12,244.77,245.65,238.48,239.21,18960
2021-05-13,238.53,245.55,238.06,244.49,18458
2021-05-14,245.83,249.13,244.87,248.54,9654
2021-05-17,247.59,247.69,243.48,244.68,14619
2021-05-18,246.88,246.91,243.75,244.76,10259
2021-05-19,239.09,243.02,238.39,241.63,19605
2021-05-20,241.92,247.9,241.76,246.93,10191
2021-05-21,247.07,248.26,244.92,245.29,10895
2021-05-24,246.37,251.09,245.87,250.69,7103
2021-05-25,252.0,252.62,250.79,251.28,9523
2021-05-26,251.9,252.8,250.77,251.0,6555
2021-05-27,249.54,251.41,249.32,249.95,7618
2021-05-28,250.3,252.03,250.15,250.48,6813
2021-06-01,251.02,251.35,247.62,247.74,8794
2021-06-02,247.01,249.21,245.8,246.81,8388
2021-06-03,247.26,247.45,242.96,245.26,12328
2021-06-04,246.05,251.61,245.07,250.76,7783
2021-06-07,249.26,253.16,249.26,252.78,8244
2021-06-08,254.18,255.95,252.52,252.97,9380
2021-06-09,253.16,255.47,252.88,253.61,8224
2021-06-10,252.73,257.42,251.35,256.68,9603
2021-06-11,257.16,258.43,256.57,257.42,7652
2021-06-14,258.43,258.76,256.77,258.76,6631
2021-06-15,259.75,260.3,257.64,258.34,7939
2021-06-16,258.54,260.53,254.39,257.93,15351
2021-06-17,255.49,261.7,255.26,261.41,12518
2021-06-18,260.78,262.24,258.44,260.93,16076
2021-06-21,260.81,263.47,257.89,262.28,12652
2021-06-22,262.54,265.75,262.3,265.38,10011
2021-06-23,265.79,266.77,264.4,265.47,8133
2021-06-24,266.64,267.8,265.41,266.55,7647
2021-06-25,267.3,267.33,264.72,265.47,6458
2021-06-28,266.02,268.52,265.83,268.01,6789
2021-06-29,268.65,271.6,267.95,271.17,6706
2021-06-30,270.6,271.31,269.57,270.6,7155
2021-07-01,270.74,271.09,269.4,270.93,7292
2021-07-02,271.8,277.94,271.77,277.54,7057
2021-07-06,277.85,279.31,274.3,277.15,12570
2021-07-07,278.8,280.65,278.08,280.08,11644
2021-07-08,276.13,278.61,274.82,277.23,15443
2021-07-09,276.59,277.82,275.27,277.19,8891
2021-07-12,278.39,279.62,276.54,277.14,8530
2021-07-13,278.18,282.8,276.43,281.31,11658
2021-07-14,282.04,283.59,280.54,283.0,11772
2021-07-15,283.5,283.56,279.8,280.37,15256
2021-07-16,280.89,284.04,279.44,281.4,13688
2021-07-19,280.6,280.61,275.2,276.09,22136
2021-07-20,278.16,280.91,276.22,280.4,12681
2021-07-21,279.53,280.92,278.08,280.53,8124
2021-07-22,282.31,286.37,282.01,285.68,10177
2021-07-23,287.86,289.82,286.52,289.44,8418
2021-07-26,290.08,290.26,286.6,288.73,9666
2021-07-27,288.8,289.75,282.9,286.15,15827
2021-07-28,287.52,291.71,283.81,286.5,22772
2021-07-29,286.37,288.56,285.35,286.94,11643
2021-07-30,284.29,286.63,283.86,284.86,11615
2021-08-02,286.23,286.62,283.71,284.97,11309
2021-08-03,285.19,287.09,284.17,286.68,13076
2021-08-04,287.21,287.54,284.61,286.95,12438
2021-08-05,286.62,289.0,286.05,288.98,8508
2021-08-06,289.93,289.93,287.59,288.72,9224
2021-08-09,289.99,291.48,287.77,288.41,8086
2021-08-10,289.22,289.28,285.17,286.0,10088
2021-08-11,285.29,288.6,285.29,286.67,10294
2021-08-12,286.7,289.8,286.13,289.54,7819
2021-08-13,289.56,292.34,288.64,292.29,7170
2021-08-16,292.42,294.53,289.99,294.01,11392
2021-08-17,293.93,294.3,291.04,292.83,15143
2021-08-18,292.23,294.77,291.6,292.56,11560
2021-08-19,288.9,297.42,288.07,296.65,18243
2021-08-20,295.76,305.79,295.76,304.86,14651
2021-08-23,305.28,305.33,301.77,304.84,9827
2021-08-24,305.22,305.52,301.96,303.03,8329
2021-08-25,303.27,304.48,300.38,302.22,8671
2021-08-26,301.51,302.37,299.57,299.66,11188
2021-08-27,300.19,300.81,296.79,299.85,9280
2021-08-30,301.3,304.17,300.38,303.34,8205
2021-08-31,304.35,304.79,302.3,303.31,10021
2021-09-01,303.08,305.13,302.34,302.52,8449
2021-09-02,302.37,303.31,300.14,300.82,9087
2021-09-03,301.56,302.55,300.2,301.1,8452
2021-09-07,300.72,301.16,298.17,299.74,8478
2021-09-08,299.92,300.45,297.44,299.02,11397
2021-09-09,299.58,302.08,297.21,297.78,10529
2021-09-10,298.33,299.86,296.27,296.63,11938
2021-09-13,296.64,298.48,294.06,296.17,16844
2021-09-14,297.27,301.34,296.41,299.84,12738
2021-09-15,303.48,305.26,301.8,305.05,14094
2021-09-16,304.47,304.96,300.72,304.86,12198
2021-09-17,304.76,305.79,299.54,300.53,14661
2021-09-20,296.57,298.67,289.49,292.21,22883
2021-09-21,296.0,297.5,294.03,295.95,19106
2021-09-22,295.69,300.17,294.49,299.0,18726
2021-09-23,300.97,301.13,297.48,299.98,12426
2021-09-24,297.85,299.61,296.89,299.49,10695
2021-09-27,298.32,298.47,292.91,294.79,14164
2021-09-28,289.31,290.72,284.34,284.96,22397
2021-09-29,286.23,286.75,282.96,284.5,18434
2021-09-30,285.38,287.77,281.85,282.94,21658
2021-10-01,280.16,289.25,279.99,288.93,19230
2021-10-04,287.08,288.22,280.22,282.72,22345
2021-10-05,283.92,290.34,283.18,289.16,14429
2021-10-06,283.95,292.79,283.81,292.05,21709
2021-10-07,295.59,296.59,293.88,294.97,12020
2021-10-08,294.49,297.1,293.72,294.59,15767
2021-10-11,293.24,297.92,291.53,295.12,13683
2021-10-12,294.79,295.93,292.51,292.59,17181
2021-10-13,294.75,297.22,292.86,295.71,16151
2021-10-14,298.36,302.42,297.81,302.42,10462
2021-10-15,303.2,304.39,300.49,303.6,10062
2021-10-18,302.37,307.65,301.94,306.48,10321
2021-10-19,308.21,309.25,307.21,308.08,8594
2021-10-20,309.25,309.73,306.08,307.24,10094
2021-10-21,307.13,310.71,306.34,310.33,8818
2021-10-22,310.91,311.22,307.78,309.33,13106
2021-10-25,309.57,309.67,306.44,308.23,9898
2021-10-26,309.83,312.35,308.57,310.24,13321
2021-10-27,316.81,326.05,313.99,324.15,20969
2021-10-28,324.38,325.65,321.34,323.29,13917
2021-10-29,324.36,330.61,323.39,330.19,14359
2021-11-01,333.0,333.21,326.33,328.73,13356
2021-11-02,330.55,333.39,329.83,333.35,13403
2021-11-03,334.39,334.72,330.72,334.52,12638
2021-11-04,334.31,336.37,329.46,335.5,13575
2021-11-05,337.61,338.65,334.38,336.37,14346
2021-11-08,337.16,337.55,334.4,336.22,11779
2021-11-09,337.11,338.37,334.51,336.22,17459
2021-11-10,334.45,335.74,329.88,330.57,16975
2021-11-11,332.02,333.73,330.93,332.46,10462
2021-11-12,333.6,337.17,333.12,336.83,9858
2021-11-15,339.04,339.55,334.01,335.88,11927
2021-11-16,336.63,340.62,335.47,340.09,10962
2021-11-17,339.68,342.14,338.07,340.04,11050
2021-11-18,339.99,342.41,337.06,341.36,13620
2021-11-19,343.13,345.06,341.46,343.12,12197
2021-11-22,344.1,349.61,341.54,342.28,17683
2021-11-23,338.14,339.4,333.54,336.86,20649
2021-11-24,335.94,337.76,333.91,337.29,15229
2021-11-26,333.52,337.86,330.32,331.87,14594
2021-11-29,334.13,338.98,333.11,337.23,15436
2021-11-30,335.55,337.73,328.98,331.5,28186
2021-12-01,336.3,339.22,331.89,332.92,26714
2021-12-02,331.5,333.41,327.79,330.75,31353
2021-12-03,327.91,333.29,318.0,320.24,36990
2021-12-06,320.75,327.33,319.2,326.45,27783
2021-12-07,332.47,335.75,330.02,333.59,15865
2021-12-08,336.09,337.9,330.76,332.76,17143
2021-12-09,333.82,336.31,332.04,333.63,16648
2021-12-10,333.77,342.61,332.64,341.36,21782
2021-12-13,343.29,343.67,339.69,341.28,20264
2021-12-14,336.23,337.24,324.03,327.87,24395
2021-12-15,328.03,334.13,324.42,332.86,25980
2021-12-16,336.64,337.59,322.98,326.04,26389
2021-12-17,321.71,324.83,317.2,322.98,31891
2021-12-20,318.75,322.68,317.51,319.17,26000
2021-12-21,322.03,327.6,319.73,325.92,18727
2021-12-22,326.85,331.9,325.69,331.84,15915
2021-12-23,333.57,336.29,332.6,335.58,11406
2021-12-27,336.05,341.99,335.29,341.99,10537
2021-12-28,343.57,344.2,340.22,341.35,11979
2021-12-29,342.17,344.17,339.62,341.7,10452
2021-12-30,341.85,343.06,340.15,340.18,9326
2021-12-31,338.26,339.21,335.79,337.06,10208
2022-01-03,337.17,337.95,329.66,333.48,16752
2022-01-04,336.08,336.28,326.03,329.51,20581
2022-01-05,328.08,328.6,317.63,318.06,22961
2022-01-06,315.35,318.6,311.35,313.5,29830
2022-01-07,315.0,316.39,310.02,314.47,26658
2022-01-10,313.2,313.29,304.62,312.78,56596
2022-01-11,316.17,316.53,309.82,314.91,47711
2022-01-12,316.45,323.33,315.38,318.21,47776
2022-01-13,318.79,321.15,305.45,306.19,52629
2022-01-14,305.42,310.18,301.49,310.17,59904
2022-01-18,304.23,309.69,300.17,301.92,52123
2022-01-19,304.35,313.81,304.02,306.18,65792
2022-01-20,306.97,311.54,303.61,304.06,54257
2022-01-21,303.11,304.01,296.96,298.25,107173
2022-01-24,294.73,297.17,275.99,293.71,152620
2022-01-25,293.46,294.89,285.08,290.89,111699
2022-01-26,299.49,308.28,292.98,295.67,133179
2022-01-27,296.55,307.07,296.12,300.79,112279
2022-01-28,300.07,305.45,294.4,305.29,98347
2022-01-31,309.29,312.26,306.3,308.99,57675
2022-02-01,310.36,311.51,305.03,307.58,64508
2022-02-02,309.93,315.03,308.79,313.29,61697
2022-02-03,309.51,311.14,302.46,302.72,63469
2022-02-04,302.16,308.7,297.15,307.2,71508
2022-02-07,305.2,307.7,301.66,301.71,54064
2022-02-08,301.78,305.41,299.81,303.95,51898
2022-02-09,307.06,311.82,307.06,309.89,38377
2022-02-10,310.02,311.0,300.65,301.1,75877
2022-02-11,300.27,304.21,294.19,295.39,83174
2022-02-14,291.19,296.51,290.14,294.94,82264
2022-02-15,300.15,301.28,296.61,299.19,40207
2022-02-16,300.08,300.83,293.64,300.02,46261
2022-02-17,297.42,298.48,291.37,292.04,37158
2022-02-18,292.84,293.77,286.27,288.48,57617
2022-02-22,285.11,291.49,283.9,288.25,76691
2022-02-23,290.42,291.65,281.01,281.03,61718
2022-02-24,271.51,293.45,269.82,293.25,100467
2022-02-25,292.96,297.58,291.29,296.94,67617
2022-02-28,292.49,298.48,291.76,295.09,65643
2022-03-01,296.95,299.92,292.94,293.08,69110
2022-03-02,296.1,301.35,293.66,300.05,59182
2022-03-03,298.29,303.63,294.25,294.45,56504
2022-03-04,293.26,295.56,287.13,288.46,65603
2022-03-07,284.17,289.64,278.97,280.75,63202
2022-03-08,279.68,283.9,269.97,276.05,104532
2022-03-09,282.0,289.55,280.76,288.61,53913
2022-03-10,283.15,286.56,280.55,285.14,60372
2022-03-11,287.01,292.31,281.41,281.82,54892
2022-03-14,282.83,285.34,276.54,277.56,60862
2022-03-15,276.2,286.96,275.92,286.37,54929
2022-03-16,291.76,292.73,283.14,291.16,65442
2022-03-17,293.79,294.54,289.3,294.42,47944
2022-03-18,293.19,300.91,292.38,300.51,42870
2022-03-21,299.62,300.05,294.81,297.16,51013
2022-03-22,300.03,304.9,298.62,303.76,36024
2022-03-23,302.39,303.15,297.65,301.16,39513
2022-03-24,301.38,303.01,298.25,302.82,36238
2022-03-25,304.5,306.04,299.2,301.61,39911
2022-03-28,303.14,310.39,302.79,309.9,39817
2022-03-29,311.9,315.57,308.98,315.49,42290
2022-03-30,313.78,315.87,311.52,312.92,35287
2022-03-31,314.84,314.98,310.3,310.44,32993
2022-04-01,310.22,310.43,305.47,306.03,38140
2022-04-04,310.56,314.43,309.57,313.95,25949
2022-04-05,314.41,314.95,310.07,310.61,33653
2022-04-06,307.07,307.27,296.65,300.02,59718
2022-04-07,300.51,303.55,295.91,302.96,46660
2022-04-08,301.6,302.59,296.69,297.84,42813
2022-04-11,293.56,294.55,284.94,285.04,43673
2022-04-12,286.17,290.64,280.42,281.53,51046
2022-04-13,282.69,288.49,281.23,288.06,33515
2022-04-14,288.16,289.38,279.93,280.38,35499
2022-04-18,277.46,282.37,277.42,279.03,37428
2022-04-19,279.22,286.02,278.33,285.18,35482
2022-04-20,285.9,289.67,285.29,287.22,38319
2022-04-21,288.43,293.21,280.48,281.38,48983
2022-04-22,279.75,283.11,274.93,276.15,52408
2022-04-25,271.62,280.62,270.54,280.22,79796
2022-04-26,280.57,280.8,270.36,271.32,52135
2022-04-27,284.51,290.88,278.33,284.72,86239
2022-04-28,287.12,290.88,281.36,289.62,62513
2022-04-29,289.15,289.82,279.11,279.25,66585
2022-05-02,278.65,284.33,275.43,282.13,98132
2022-05-03,284.54,284.89,280.05,280.6,63856
2022-05-04,282.23,289.51,276.65,289.23,68827
2022-05-05,287.58,288.24,274.26,276.0,88151
2022-05-06,276.02,279.14,271.2,273.95,100285
2022-05-09,269.28,272.22,264.01,264.17,92482
2022-05-10,267.65,273.61,264.97,269.26,113184
2022-05-11,272.44,273.53,259.94,260.07,112894
2022-05-12,257.12,259.77,249.94,252.95,122706
2022-05-13,259.6,262.96,255.27,260.55,55229
2022-05-16,259.38,265.58,255.52,261.64,64252
2022-05-17,266.01,267.92,262.05,265.74,53712
2022-05-18,265.4,265.66,253.69,254.27,47233
2022-05-19,250.13,257.59,250.13,253.87,87823
2022-05-20,257.26,258.5,246.4,250.54,73215
2022-05-23,253.62,261.46,253.32,259.41,62987
2022-05-24,257.52,261.28,253.49,259.69,67501
2022-05-25,259.6,264.53,257.09,262.73,56818
2022-05-26,262.77,266.78,261.4,266.12,35137
2022-05-27,267.59,272.47,266.01,272.2,30655
2022-05-31,271.99,274.72,268.89,273.77,49114
2022-06-01,271.64,277.62,270.01,273.88,55937
2022-06-02,274.19,275.52,261.55,273.86,54351
2022-06-03,273.24,273.39,268.37,269.32,46780
2022-06-06,273.11,274.14,267.2,268.43,41201
2022-06-07,267.07,272.7,265.13,272.37,33361
2022-06-08,271.43,272.95,269.57,270.84,35277
2022-06-09,271.32,272.66,266.29,266.42,41175
2022-06-10,265.18,266.45,253.86,254.78,49517
2022-06-13,245.99,248.99,241.5,242.02,61015
2022-06-14,244.1,245.7,241.48,244.76,52497
2022-06-15,246.16,255.25,245.35,252.04,75528
2022-06-16,244.55,247.79,242.99,243.8,49536
2022-06-17,246.93,250.42,243.95,248.76,57174
2022-06-21,251.39,254.66,249.43,254.09,29727
2022-06-22,248.4,257.09,248.4,253.29,40450
2022-06-23,254.88,258.79,253.56,258.44,47781
2022-06-24,261.81,266.64,260.97,265.52,28048
2022-06-27,269.12,269.22,263.69,264.69,35492
2022-06-28,265.34,266.83,256.45,256.78,39480
2022-06-29,255.63,261.86,255.29,259.79,45332
2022-06-30,255.05,259.46,252.83,257.08,48630
2022-07-01,256.89,259.65,254.53,259.26,48971
2022-07-05,257.38,262.65,254.66,262.18,47442
2022-07-06,262.77,267.9,261.41,266.69,49925
2022-07-07,266.0,268.98,264.54,267.92,26936
2022-07-08,266.99,268.15,263.21,267.53,34185
2022-07-11,265.39,266.44,262.09,264.43,29763
2022-07-12,262.44,266.11,251.96,252.59,39597
2022-07-13,254.77,256.29,246.88,252.04,53895
2022-07-14,250.36,255.05,245.87,254.18,43780
2022-07-15,254.47,260.28,252.85,255.88,32717
2022-07-18,259.48,260.74,253.85,253.98,33819
2022-07-19,255.73,259.13,253.6,258.98,28275
2022-07-20,259.53,264.78,257.88,262.43,35055
2022-07-21,260.09,264.54,256.96,264.07,43032
2022-07-22,264.33,265.65,258.99,259.96,37803
2022-07-25,261.78,262.15,256.76,257.66,35683
2022-07-26,259.1,260.52,249.48,251.35,28829
2022-07-27,260.82,269.47,258.7,268.97,47207
2022-07-28,266.43,277.75,265.61,276.51,43801
2022-07-29,277.62,281.62,275.93,281.53,32231
2022-08-01,279.63,281.18,275.74,278.0,35803
2022-08-02,275.2,277.79,272.3,275.13,41602
2022-08-03,276.06,283.42,275.34,282.94,29518
2022-08-04,282.05,283.66,280.09,282.65,31841
2022-08-05,283.58,284.22,278.48,282.15,32523
2022-08-08,283.07,285.81,279.21,280.22,30203
2022-08-09,280.21,282.95,277.5,282.16,30449
2022-08-10,282.69,289.77,282.43,289.12,29382
2022-08-11,289.36,291.22,286.4,286.91,27191
2022-08-12,288.49,291.14,286.77,290.91,22408
2022-08-15,290.49,293.75,289.75,292.96,20223
2022-08-16,292.34,293.42,289.87,292.42,22894
2022-08-17,290.14,293.31,289.06,291.21,34704
2022-08-18,291.12,291.99,289.05,290.93,27199
2022-08-19,287.03,289.22,285.53,286.28,22506
2022-08-22,281.38,282.34,277.19,277.2,22449
2022-08-23,277.93,278.81,275.36,276.68,27465
2022-08-24,276.12,277.18,274.62,276.8,22311
2022-08-25,277.11,278.06,274.51,277.9,22977
2022-08-26,277.06,280.62,269.13,269.21,42733
2022-08-29,265.02,267.3,263.82,266.31,34551
2022-08-30,268.01,268.49,260.63,262.81,40978
2022-08-31,263.25,267.08,262.01,263.5,40522
2022-09-01,258.93,260.02,255.39,258.61,37714
2022-09-02,259.9,264.7,254.45,254.45,48487
2022-09-06,257.48,258.42,251.91,253.51,50428
2022-09-07,253.7,258.79,252.74,258.43,30804
2022-09-08,258.24,260.38,254.76,256.5,45089
2022-09-09,261.27,265.12,260.04,265.02,27173
2022-09-12,265.94,267.39,264.4,266.45,26019
2022-09-13,267.77,269.37,251.8,252.05,37102
2022-09-14,254.0,254.22,249.85,251.15,42140
2022-09-15,252.36,252.39,243.98,244.83,39665
2022-09-16,243.15,245.13,242.03,244.38,43537
2022-09-19,242.31,245.09,240.82,244.46,37837
2022-09-20,242.26,243.46,239.6,242.69,32965
2022-09-21,242.96,247.61,239.97,239.97,62648
2022-09-22,239.27,243.33,237.48,242.6,41020
2022-09-23,237.96,241.02,235.13,237.83,43262
2022-09-26,236.45,241.36,235.89,237.91,49610
2022-09-27,239.3,241.69,234.42,235.85,52386
2022-09-28,232.64,241.8,232.64,241.64,46918
2022-09-29,238.72,239.84,234.3,236.67,44593
2022-09-30,239.09,240.43,234.63,234.85,50759
2022-10-03,233.01,241.5,232.96,240.85,35176
2022-10-04,244.8,250.21,244.05,247.9,34611
2022-10-05,246.11,250.45,244.0,250.22,37460
2022-10-06,246.65,250.22,246.01,247.23,42832
2022-10-07,245.65,246.01,233.04,234.0,39606
2022-10-10,233.85,234.38,226.61,229.57,40698
2022-10-11,226.82,229.12,223.96,225.2,47922
2022-10-12,227.09,227.72,223.82,226.51,43029
2022-10-13,225.48,235.92,218.7,234.67,75551
2022-10-14,232.66,237.06,228.83,229.86,63323
2022-10-17,231.2,238.75,231.08,237.29,37881
2022-10-18,241.29,243.86,235.19,238.59,49768
2022-10-19,240.12,240.28,234.1,235.7,45016
2022-10-20,235.18,241.11,234.68,235.83,41485
2022-10-21,233.87,242.44,233.01,242.26,60233
2022-10-24,242.92,247.58,241.03,246.79,49809
2022-10-25,246.66,250.35,245.56,250.02,30237
2022-10-26,235.2,238.03,229.92,232.63,56308
2022-10-27,230.63,233.39,225.51,227.2,45152
2022-10-28,223.92,236.1,223.45,235.74,38477
2022-10-31,233.34,234.58,230.81,232.6,31619
2022-11-01,234.08,235.34,226.96,228.3,38139
2022-11-02,228.26,230.92,220.66,221.51,71136
2022-11-03,219.81,220.0,214.85,214.89,38003
2022-11-04,215.29,220.53,211.8,220.53,52427
2022-11-07,221.69,227.93,220.56,227.38,33205
2022-11-08,227.47,231.14,225.33,229.39,36972
2022-11-09,227.57,228.64,223.84,224.55,38605
2022-11-10,224.53,240.75,224.24,240.6,46964
2022-11-11,243.45,247.43,240.65,246.86,41394
2022-11-14,244.81,245.2,238.57,242.31,36519
2022-11-15,243.29,248.99,239.32,241.75,51784
2022-11-16,241.82,243.76,240.26,242.25,36299
2022-11-17,239.9,243.22,237.26,241.04,33850
2022-11-18,243.15,244.58,239.03,241.39,33261
2022-11-21,239.69,244.62,239.28,242.2,31145
2022-11-22,242.38,244.65,240.66,244.47,24197
2022-11-23,245.16,248.22,244.24,247.46,29277
2022-11-25,247.86,248.66,246.16,247.57,12217
2022-11-28,245.67,246.55,240.76,241.26,23679
2022-11-29,242.25,242.75,238.18,239.82,29661
2022-11-30,241.04,252.52,239.8,251.81,47923
2022-12-01,253.2,256.07,250.87,255.85,36468
2022-12-02,254.25,255.97,248.07,254.35,34040
2022-12-05,253.53,254.24,247.97,249.15,28874
2022-12-06,249.82,251.78,243.7,245.03,30743
2022-12-07,243.91,246.06,241.91,244.47,36625
2022-12-08,244.09,248.64,242.99,247.17,31568
2022-12-09,247.78,248.83,243.2,246.32,34497
2022-12-12,246.72,252.06,245.64,250.83,26889
2022-12-13,253.83,264.73,253.0,256.14,68660
2022-12-14,256.9,262.48,254.24,257.03,75929
2022-12-15,253.57,255.34,247.24,248.42,37146
2022-12-16,246.49,249.7,243.44,247.0,39454
2022-12-19,245.88,246.26,238.59,238.91,29711
2022-12-20,239.37,242.78,238.31,242.2,38098
2022-12-21,242.3,245.5,240.0,244.19,29774
2022-12-22,244.08,244.09,233.75,237.3,35998
2022-12-23,238.8,240.42,233.81,237.94,45141
2022-12-27,239.52,239.89,235.68,237.34,29772
2022-12-28,237.04,239.57,234.58,234.59,34929
2022-12-29,235.7,241.77,234.97,241.2,25196
2022-12-30,239.61,239.86,236.51,238.51,32732
2023-01-03,242.64,245.58,237.23,239.37,42563
2023-01-04,234.37,235.04,225.8,226.55,54307
2023-01-05,228.98,229.63,221.59,222.14,36235
2023-01-06,221.74,225.66,219.19,225.04,40239
2023-01-09,225.82,231.02,225.39,227.34,30101
2023-01-10,227.71,231.08,225.55,227.72,37889
2023-01-11,229.13,234.44,228.71,234.28,24596
2023-01-12,235.26,239.67,230.71,237.55,48074
2023-01-13,238.5,239.01,234.74,238.71,29663
2023-01-17,238.75,240.63,235.25,240.02,31231
2023-01-18,239.7,243.67,235.86,235.94,34272
2023-01-19,234.05,235.06,230.41,232.99,32942
2023-01-20,232.61,240.43,231.95,239.59,29661
2023-01-23,240.18,244.82,239.36,241.96,30739
2023-01-24,242.37,243.57,240.11,240.28,30627
2023-01-25,235.52,242.94,230.59,240.29,55097
2023-01-26,241.33,247.03,240.29,246.35,38555
2023-01-27,246.98,249.46,246.47,249.07,31534
2023-01-30,244.55,245.15,241.78,242.62,31542
2023-01-31,240.63,246.59,240.46,246.29,28413
2023-02-01,246.58,254.75,245.09,253.93,57500
2023-02-02,253.83,264.24,252.92,262.05,48083
2023-02-03,260.92,263.74,256.63,257.24,54872
2023-02-06,255.25,257.75,254.27,256.29,22755
2023-02-07,258.05,267.77,257.53,267.01,69985
2023-02-08,272.56,276.21,265.7,266.95,59468
2023-02-09,271.33,273.49,262.25,262.89,45722
2023-02-10,259.43,263.51,257.95,261.85,42168
2023-02-13,265.53,273.93,264.91,270.22,37327
2023-02-14,272.06,274.25,268.58,272.35,65073
2023-02-15,271.14,271.77,266.14,268.03,36567
2023-02-16,269.83,269.86,261.86,262.35,39006
2023-02-17,259.46,261.76,255.96,257.26,35895
2023-02-21,256.15,256.55,251.56,252.28,28579
2023-02-22,252.55,254.31,250.65,250.8,39593
2023-02-23,253.88,256.81,250.45,254.99,36585
2023-02-24,252.97,253.19,248.15,248.48,34989
2023-02-27,250.39,252.74,249.35,249.73,27590
2023-02-28,249.75,251.44,248.63,249.27,25928
2023-03-01,251.26,252.02,246.17,246.73,32189
2023-03-02,245.91,251.35,243.06,250.98,30835
2023-03-03,251.94,255.57,250.68,255.12,26598
2023-03-06,255.51,260.07,254.83,257.13,25524
2023-03-07,257.46,258.3,253.35,254.08,36016
2023-03-08,255.06,255.33,250.77,253.42,33722
2023-03-09,252.03,259.5,251.53,252.71,34026
2023-03-10,251.59,254.67,247.57,247.84,63693
2023-03-13,249.52,257.85,244.88,255.96,88890
2023-03-14,254.65,260.28,251.95,259.15,44645
2023-03-15,259.16,266.42,255.58,264.84,69310
2023-03-16,265.76,276.4,263.19,276.24,47279
2023-03-17,276.75,283.23,276.21,278.14,62130
2023-03-20,280.27,280.62,269.77,270.84,44975
2023-03-21,271.64,275.27,269.44,273.51,33200
2023-03-22,272.8,280.92,272.31,275.4,58646
2023-03-23,276.24,280.95,275.01,277.06,52316
2023-03-24,276.67,280.18,274.64,279.91,49933
2023-03-27,281.17,281.65,275.41,276.74,29112
2023-03-28,275.22,276.2,271.93,274.16,26807
2023-03-29,277.13,280.66,276.98,280.38,24260
2023-03-30,282.1,284.6,281.38,283.73,28467
2023-03-31,283.75,288.67,282.89,287.91,23285
2023-04-03,285.83,288.13,283.83,286.78,28602
2023-04-04,288.97,290.31,285.56,285.98,31836
2023-04-05,286.7,287.24,282.82,284.34,28186
2023-04-06,281.48,291.94,280.95,291.78,28298
2023-04-10,287.01,289.43,284.67,288.44,23493
2023-04-11,288.02,288.14,281.46,282.48,26140
2023-04-12,282.78,286.98,281.78,283.68,35759
2023-04-13,284.18,289.43,282.29,289.35,23302
2023-04-14,289.08,289.24,283.52,286.01,30181
2023-04-17,287.72,292.17,286.09,288.03,26481
2023-04-18,290.57,292.36,286.8,287.8,26219
2023-04-19,285.75,288.83,284.33,288.29,21967
2023-04-20,285.26,288.78,284.74,285.12,23004
2023-04-21,285.88,286.18,282.82,285.07,27050
2023-04-24,285.16,285.37,278.44,281.31,27002
2023-04-25,280.44,281.29,275.52,275.74,28133
2023-04-26,297.07,299.28,292.42,295.32,47046
2023-04-27,294.3,304.86,294.19,304.54,31901
2023-04-28,303.7,308.6,302.97,305.96,34950
2023-05-01,306.75,308.23,304.76,304.92,26441
2023-05-02,306.03,308.75,303.52,305.27,32619
2023-05-03,306.31,308.2,303.73,304.47,46736
2023-05-04,305.52,307.36,303.0,305.3,34258
2023-05-05,306.39,311.5,303.84,311.01,23328
2023-05-08,309.66,309.86,305.59,308.1,23482
2023-05-09,306.38,309.5,305.72,306.0,22167
2023-05-10,304.74,312.49,304.74,312.11,32430
2023-05-11,311.58,311.63,305.73,309.41,29956
2023-05-12,309.65,310.09,306.05,307.72,24439
2023-05-15,308.7,309.23,306.93,308.35,22025
2023-05-16,308.77,312.97,308.13,312.41,23615
2023-05-17,311.39,314.0,310.73,313.42,21006
2023-05-18,314.25,318.36,313.69,318.32,26135
2023-05-19,318.82,318.84,315.61,318.3,27848
2023-05-22,318.43,322.55,317.72,320.61,24603
2023-05-23,321.74,322.66,315.24,316.21,29385
2023-05-24,315.32,316.46,312.59,314.1,27874
2023-05-25,319.46,326.85,319.38,326.61,38173
2023-05-26,324.5,333.35,323.45,333.29,29880
2023-05-30,336.25,338.11,330.5,331.88,38793
2023-05-31,332.49,335.88,327.32,330.5,38381
2023-06-01,327.4,333.47,324.68,331.83,30378
2023-06-02,333.3,337.44,330.66,335.43,32398
2023-06-05,333.01,338.51,332.88,337.2,31315
2023-06-06,335.79,336.37,332.14,333.88,26427
2023-06-07,332.53,334.4,322.53,322.93,38102
2023-06-08,323.51,326.58,322.07,325.79,30486
2023-06-09,323.68,329.94,323.68,327.48,33781
2023-06-12,328.7,332.05,325.12,331.38,27144
2023-06-13,333.89,336.92,330.36,333.6,30605
2023-06-14,334.62,338.94,332.75,336.05,48426
2023-06-15,334.68,349.25,334.51,348.37,39759
2023-06-16,349.35,351.59,343.29,343.48,37769
2023-06-20,339.62,341.95,335.74,338.24,31851
2023-06-21,336.98,337.62,331.96,333.59,37267
2023-06-22,333.93,339.18,333.21,339.15,35297
2023-06-23,337.15,337.81,333.33,336.14,34536
2023-06-26,334.11,335.93,329.08,329.09,35320
2023-06-27,329.94,335.98,329.13,335.11,31393
2023-06-28,335.06,337.81,333.65,334.22,37446
2023-06-29,334.55,336.54,332.45,333.87,34495
2023-06-30,335.83,342.53,335.74,340.93,29186
2023-07-03,340.29,340.67,336.34,338.07,18927
2023-07-05,335.09,341.42,334.45,337.92,29843
2023-07-06,340.44,342.73,335.26,340.61,36920
2023-07-07,340.34,342.65,337.32,337.8,24865
2023-07-10,333.77,335.37,327.28,330.09,40501
2023-07-11,331.97,332.87,326.68,331.21,35589
2023-07-12,332.66,341.33,332.66,337.41,41399
2023-07-13,339.25,343.41,337.82,343.38,27801
2023-07-14,346.28,351.07,344.23,344.29,44782
2023-07-17,345.51,346.5,341.81,345.08,29115
2023-07-18,343.82,366.3,341.76,360.12,48354
2023-07-19,361.66,361.98,352.03,354.98,41230
2023-07-20,352.42,356.99,344.94,346.45,36084
2023-07-21,347.74,350.01,340.77,341.5,30739
2023-07-24,345.41,346.36,341.81,344.03,30427
2023-07-25,347.29,351.12,344.57,349.6,24657
2023-07-26,337.43,344.1,332.63,337.29,47002
2023-07-27,339.66,340.74,329.01,329.1,49477
2023-07-28,332.61,339.47,332.23,337.75,34687
2023-07-31,336.48,337.66,332.81,333.79,29837
2023-08-01,334.25,337.94,332.95,336.16,29460
2023-08-02,331.79,333.76,325.8,327.11,38542
2023-08-03,326.37,329.27,324.52,326.45,32150
2023-08-04,329.49,334.48,326.96,327.01,37860
2023-08-07,328.74,330.41,326.89,329.0,27405
2023-08-08,328.09,328.78,322.34,324.96,33265
2023-08-09,326.55,326.55,320.42,323.36,31357
2023-08-10,323.98,327.6,320.52,321.88,35654
2023-08-11,320.67,321.74,318.55,320.66,37807
2023-08-14,321.52,323.35,319.4,322.76,30482
2023-08-15,321.82,324.37,320.19,320.54,36119
2023-08-16,321.51,324.38,319.73,321.04,31428
2023-08-17,320.11,321.77,316.37,316.45,31472
2023-08-18,315.16,317.43,311.53,317.19,39454
2023-08-21,318.12,322.71,316.93,322.39,33847
2023-08-22,323.52,326.11,321.5,321.55,29737
2023-08-23,324.63,329.15,322.76,327.77,25400
2023-08-24,332.64,334.43,320.49,320.66,29405
2023-08-25,320.17,325.32,318.79,323.32,41962
2023-08-28,323.22,326.05,321.69,323.1,26517
2023-08-29,324.27,328.94,321.48,328.01,26903
2023-08-30,327.29,329.75,326.41,328.63,22660
2023-08-31,328.51,330.83,326.75,328.62,22844
2023-09-01,328.54,331.81,326.74,328.05,30742
2023-09-05,326.97,334.8,326.81,334.16,22024
2023-09-06,332.33,334.43,330.14,331.96,25032
2023-09-07,332.33,333.04,329.0,330.3,27912
2023-09-08,329.5,336.1,329.1,333.6,26305
2023-09-11,334.91,338.38,334.28,338.03,21982
2023-09-12,335.75,336.69,331.45,332.4,22720
2023-09-13,331.77,336.8,329.66,335.3,26240
2023-09-14,336.34,340.82,336.24,338.72,24049
2023-09-15,338.72,339.26,329.62,330.64,28206
2023-09-18,330.47,330.72,326.33,327.54,25103
2023-09-19,329.32,329.35,324.49,328.76,25780
2023-09-20,329.16,330.25,321.81,322.07,34025
2023-09-21,319.04,325.24,316.95,321.19,48628
2023-09-22,320.98,321.65,316.5,317.63,26051
2023-09-25,315.82,317.99,314.89,316.54,27217
2023-09-26,315.34,316.63,309.94,310.61,27274
2023-09-27,313.56,314.16,309.58,312.07,29051
2023-09-28,312.83,315.34,309.35,313.33,40865
2023-09-29,315.85,319.32,314.84,315.95,43605
2023-10-02,316.16,321.2,314.98,319.91,44739
2023-10-03,321.13,321.77,311.01,311.83,35875
2023-10-04,312.51,319.77,311.72,319.51,41271
2023-10-05,318.26,320.12,314.69,318.85,35917
2023-10-06,319.59,328.96,313.85,328.27,36412
2023-10-09,325.31,330.01,322.95,329.29,28575
2023-10-10,330.7,331.19,327.4,328.92,27322
2023-10-11,329.04,332.26,328.87,331.68,25900
2023-10-12,331.23,333.32,328.42,330.93,37709
2023-10-13,328.68,333.46,326.04,326.85,41529
2023-10-16,327.59,335.6,327.06,332.8,28634
2023-10-17,331.88,333.04,327.03,330.43,32435
2023-10-18,332.56,335.17,329.19,329.38,36946
2023-10-19,331.61,336.46,330.8,330.8,52975
2023-10-20,330.7,332.36,325.05,326.32,38331
2023-10-23,324.03,332.21,323.91,329.26,37672
2023-10-24,331.51,331.86,327.09,331.0,32222
2023-10-25,341.81,346.75,337.14,339.74,51632
2023-10-26,336.83,341.39,326.44,327.33,51488
2023-10-27,330.92,336.16,327.86,328.22,53138
2023-10-30,332.59,338.83,331.22,336.97,43607
2023-10-31,337.41,339.05,334.08,337.28,39567
2023-11-01,335.69,346.78,335.69,346.19,41797
2023-11-02,347.88,348.94,344.14,347.44,28834
2023-11-03,348.82,353.73,346.68,352.89,31593
2023-11-06,352.56,356.82,352.42,354.41,28764
2023-11-07,356.54,361.74,355.83,361.06,28755
2023-11-08,359.73,363.1,359.56,361.73,27893
2023-11-09,362.44,364.06,359.97,360.2,38494
2023-11-10,359.27,368.92,358.83,368.92,30284
2023-11-13,368.94,369.04,365.16,365.91,27434
2023-11-14,366.9,371.92,365.87,370.36,29055
2023-11-15,372.41,373.31,367.08,369.87,32849
2023-11-16,372.11,376.25,370.12,375.49,33478
2023-11-17,376.74,376.78,366.95,368.27,32849
2023-11-20,375.3,378.82,366.96,377.76,44967
2023-11-21,379.06,379.06,371.09,372.5,31295
2023-11-22,375.33,379.73,374.92,377.62,35128
2023-11-24,378.52,378.67,375.1,377.34,14950
2023-11-27,377.11,380.59,375.95,378.97,24548
2023-11-28,378.88,382.95,376.95,380.95,31248
2023-11-29,383.94,385.36,377.42,379.0,28044
2023-11-30,379.47,380.87,375.44,376.97,28931
2023-12-01,378.47,378.64,371.25,374.35,37923
2023-12-04,372.25,372.4,362.81,369.14,35213
2023-12-05,367.35,372.97,365.4,371.85,39246
2023-12-06,372.98,374.83,368.03,369.46,32640
2023-12-07,365.84,371.34,365.52,370.79,31368
2023-12-08,369.08,373.85,367.86,373.45,33970
2023-12-11,372.52,373.1,365.93,370.09,30015
2023-12-12,371.87,373.01,369.36,372.96,20782
2023-12-13,375.01,377.51,370.64,371.98,37311
2023-12-14,375.24,375.47,363.99,365.65,33297
2023-12-15,367.4,371.99,365.77,370.38,30192
2023-12-18,369.04,372.8,368.38,372.2,19951
2023-12-19,372.67,373.87,369.63,372.16,20633
2023-12-20,371.74,375.82,370.67,371.8,24862
2023-12-21,372.05,374.19,369.83,372.75,28620
2023-12-22,372.64,374.95,372.24,374.02,20371
2023-12-26,375.51,376.65,373.24,374.49,15500
2023-12-27,374.39,374.77,372.56,373.11,19770
2023-12-28,374.52,376.12,373.89,376.0,18482
2023-12-29,375.74,376.86,373.19,375.71,23215
2024-01-02,374.67,375.49,366.44,369.36,30734
2024-01-03,367.72,372.91,366.82,370.33,30273
2024-01-04,371.18,372.74,367.72,367.96,21213
2024-01-05,367.41,371.68,366.16,366.9,27983
2024-01-08,367.89,374.43,367.76,374.12,18927
2024-01-09,372.33,375.55,370.76,374.56,25520
2024-01-10,377.19,383.74,375.7,381.83,21686
2024-01-11,384.49,390.19,379.96,383.96,30410
2024-01-12,383.27,388.22,382.0,387.57,22988
2024-01-16,388.73,393.45,387.07,389.21,29267
2024-01-17,388.49,390.8,384.27,388.26,25398
2024-01-18,393.85,393.87,389.56,392.37,22532
2024-01-19,397.37,397.54,392.98,397.12,22501
2024-01-22,399.7,400.19,392.97,396.36,21297
2024-01-23,395.91,398.22,393.3,398.01,19093
2024-01-24,401.76,405.04,399.86,402.96,21743
2024-01-25,401.04,406.4,401.04,403.2,25751
2024-01-26,402.66,405.55,401.81,402.99,25058
2024-01-29,405.74,409.28,403.67,409.17,19750
2024-01-30,411.65,413.0,405.75,408.36,19531
2024-01-31,401.85,414.59,397.38,397.94,30446
2024-02-01,400.47,407.23,399.61,403.26,25263
2024-02-02,407.13,411.72,402.67,410.64,27528
2024-02-05,411.02,411.49,403.24,404.33,23454
2024-02-06,406.0,407.15,402.19,403.34,22087
2024-02-07,405.12,413.15,405.05,413.04,23162
2024-02-08,411.49,414.78,411.46,413.02,17067
2024-02-09,414.89,419.84,414.19,419.79,16375
2024-02-12,419.77,420.43,414.03,414.52,20519
2024-02-13,411.05,411.14,402.59,405.31,27664
2024-02-14,410.38,410.41,404.49,408.67,23358
2024-02-15,410.68,411.3,404.22,406.33,20648
2024-02-16,408.33,408.52,403.48,403.95,25492
2024-02-20,400.13,404.5,397.94,401.12,28858
2024-02-21,401.19,401.2,397.16,400.27,28790
2024-02-22,408.36,412.69,408.3,411.66,21427
2024-02-23,412.71,415.5,408.94,410.11,23315
2024-02-26,410.45,411.98,407.46,407.48,18978
2024-02-27,407.79,408.06,403.75,406.4,20127
2024-02-28,405.5,409.04,405.17,407.29,16836
2024-02-29,405.42,410.87,405.39,410.74,21241
2024-03-01,412.19,415.82,410.68,415.54,20458
2024-03-04,413.95,417.27,411.68,415.27,17289
2024-03-05,412.13,413.95,400.59,401.69,24831
2024-03-06,405.14,406.26,398.32,401.79,28540
2024-03-07,405.43,409.74,402.17,408.94,22125
2024-03-08,407.24,410.33,404.28,405.88,30356
2024-03-11,403.9,405.62,401.2,405.09,23720
2024-03-12,406.16,415.44,404.09,414.94,25875
2024-03-13,414.7,418.58,411.37,415.47,20390
2024-03-14,418.21,427.67,416.81,424.02,25257
2024-03-15,428.16,428.66,412.68,416.08,22403
2024-03-18,414.19,420.56,411.4,419.02,21365
2024-03-19,416.16,421.51,413.87,420.22,20770
2024-03-20,420.51,425.77,420.48,424.0,20946
2024-03-21,427.54,430.14,426.66,428.92,18873
2024-03-22,430.15,430.23,425.63,428.38,17794
2024-03-25,425.68,426.73,421.15,423.16,15085
2024-03-26,425.29,425.39,421.68,421.86,15479
2024-03-27,421.54,423.76,418.54,421.2,19884
2024-03-28,420.49,421.37,418.51,420.65,17794
2024-04-01,423.79,427.2,421.7,423.11,17297
2024-04-02,423.44,423.6,417.3,421.43,17908
2024-04-03,421.2,422.76,418.4,420.95,17089
2024-04-04,422.18,428.09,418.11,418.35,16906
2024-04-05,418.83,425.9,417.72,424.65,19094
2024-04-08,423.27,426.68,422.56,424.74,12959
2024-04-09,424.81,427.11,421.04,423.9,17861
2024-04-10,424.58,425.95,419.13,421.91,20568
2024-04-11,425.19,428.75,421.78,428.18,15992
2024-04-12,426.02,426.13,419.2,421.23,16691
2024-04-15,423.32,426.16,412.83,413.29,18421
2024-04-16,413.48,417.75,411.4,414.82,20057
2024-04-17,415.64,418.22,409.72,411.74,18456
2024-04-18,412.25,412.53,404.11,404.14,16444
2024-04-19,401.84,404.63,397.17,397.23,19498
2024-04-22,400.05,402.16,395.11,400.12,14664
2024-04-23,401.45,407.49,401.22,406.76,13527
2024-04-24,407.95,411.79,406.13,408.16,15210
2024-04-25,401.74,401.78,387.41,397.96,25586
2024-04-26,413.86,415.89,405.14,406.73,22823
2024-04-29,406.37,406.91,398.49,400.52,14865
2024-04-30,400.34,401.21,392.43,392.43,16580
2024-05-01,389.25,400.97,388.95,396.94,22136
2024-05-02,397.51,399.03,393.95,396.8,15997
2024-05-03,398.51,406.12,397.7,405.85,18061
2024-05-06,407.02,411.84,405.52,411.59,13566
2024-05-07,412.31,413.91,408.69,408.81,12808
2024-05-08,409.52,411.44,405.87,409.33,11192
2024-05-09,409.03,411.98,408.19,411.59,14580
2024-05-10,413.63,414.56,410.96,413.71,16253
2024-05-13,417.9,418.34,410.0,413.2,15216
2024-05-14,413.16,416.65,410.27,416.31,16596
2024-05-15,415.54,423.77,415.33,423.39,14787
2024-05-16,423.77,425.25,420.32,420.37,14939
2024-05-17,422.56,423.04,417.94,419.99,11701
2024-05-20,421.21,426.66,419.39,424.93,11738
2024-05-21,426.58,432.87,424.81,429.06,13040
2024-05-22,430.01,432.31,427.07,428.0,12391
2024-05-23,432.46,434.47,425.38,426.49,15945
2024-05-24,427.64,430.96,424.35,429.7,12378
2024-05-28,430.31,430.7,426.56,428.74,12842
2024-05-29,427.32,430.82,425.26,429.36,11841
2024-05-30,425.55,425.62,414.63,415.53,14616
2024-05-31,415.57,417.97,404.47,407.35,17228
2024-06-03,415.97,417.11,408.86,411.91,17479
2024-06-04,411.43,415.39,409.41,415.39,15555
2024-06-05,417.63,423.53,416.22,422.31,13628
2024-06-06,422.77,424.98,420.51,423.47,13123
2024-06-07,423.89,426.19,422.83,423.79,14428
2024-06-10,423.69,427.93,423.62,426.83,12467
2024-06-11,426.88,431.9,424.8,431.58,12571
2024-06-12,434.78,443.3,433.02,440.12,17722
2024-06-13,438.12,443.0,438.12,441.13,13710
2024-06-14,437.55,442.74,436.24,441.38,11700
2024-06-17,443.32,450.53,440.36,449.4,12570
2024-06-18,449.56,449.82,444.51,445.88,12105
2024-06-20,448.07,448.88,440.89,444.45,15826
2024-06-21,444.32,449.73,443.31,448.58,14696
2024-06-24,450.29,452.29,445.84,447.58,15026
2024-06-25,445.49,450.29,445.46,449.8,10682
2024-06-26,450.03,453.14,447.29,451.26,12182
2024-06-27,451.43,455.72,451.07,451.93,12014
2024-06-28,453.89,454.92,450.35,452.18,14271
2024-07-01,447.91,454.99,445.25,454.95,14244
2024-07-02,454.83,458.7,452.52,458.34,12910
2024-07-03,459.01,460.53,457.11,460.01,9086
2024-07-05,460.29,467.85,458.37,467.18,12799
2024-07-08,468.0,468.07,464.03,464.78,11458
2024-07-09,466.7,466.81,458.12,458.4,11581
2024-07-10,460.94,464.7,458.27,464.41,12296
2024-07-11,465.09,467.1,451.09,454.18,19475
2024-07-12,454.82,455.81,449.97,453.16,14078
2024-07-15,452.53,456.7,450.9,451.67,15056
2024-07-16,452.11,454.09,446.13,449.23,14695
2024-07-17,443.03,444.81,438.64,442.52,21010
2024-07-18,444.01,446.25,433.84,438.56,22641
2024-07-19,428.5,440.49,428.5,435.65,22853
2024-07-22,439.49,443.97,438.35,443.1,17711
2024-07-23,443.13,447.72,442.36,443.0,16437
2024-07-24,441.01,441.6,426.97,428.63,19372
2024-07-25,426.42,429.84,416.92,419.58,29516
2024-07-26,420.81,428.28,416.58,424.94,23298
2024-07-29,427.73,431.19,424.06,427.75,18790
2024-07-30,424.86,428.36,416.74,421.47,20775
2024-07-31,409.99,421.79,405.92,417.87,30877
2024-08-01,419.71,426.74,412.44,413.89,27808
2024-08-02,408.43,414.06,403.7,406.76,32751
2024-08-05,390.49,400.27,382.15,392.79,47292
2024-08-06,397.3,404.9,396.44,400.08,29117
2024-08-07,405.48,409.28,397.53,399.14,24762
2024-08-08,398.1,405.1,397.03,402.03,22832
2024-08-09,405.97,407.23,400.6,405.73,19945
2024-08-12,406.88,408.18,403.47,404.59,17423
2024-08-13,408.3,414.12,405.92,412.54,13978
2024-08-14,413.76,416.73,411.64,415.0,15169
2024-08-15,417.7,420.82,416.91,419.82,13031
2024-08-16,422.42,422.44,417.24,418.55,13588
2024-08-19,418.03,420.49,416.41,419.58,10673
2024-08-20,422.23,425.74,420.8,424.54,11881
2024-08-21,425.27,426.3,421.64,422.91,12912
2024-08-22,423.58,426.45,414.53,414.89,16487
2024-08-23,418.65,419.16,412.03,415.45,17650
2024-08-26,417.19,417.45,411.28,412.55,13184
2024-08-27,414.19,414.23,410.18,413.74,11030
2024-08-28,414.03,414.83,407.27,410.51,14297
2024-08-29,412.97,421.95,411.67,413.41,18819
2024-08-30,416.13,417.27,412.1,413.93,14544
2024-09-03,415.25,419.78,408.34,408.58,17354
2024-09-04,407.04,411.15,404.12,409.95,16647
2024-09-05,407.16,413.0,405.04,407.18,17489
2024-09-06,405.36,410.29,400.71,401.39,19603
2024-09-09,406.54,408.54,402.08,403.72,15025
2024-09-10,407.02,416.2,406.51,412.1,17270
2024-09-11,414.03,421.37,409.55,420.74,20643
2024-09-12,422.83,427.27,419.7,426.52,18514
2024-09-13,426.06,431.73,425.3,431.02,15390
2024-09-16,430.82,433.4,428.0,431.21,14975
2024-09-17,438.89,441.43,431.89,433.97,19155
2024-09-18,436.16,436.93,430.05,431.73,23967
2024-09-19,438.69,441.99,436.54,438.03,17088
2024-09-20,437.15,438.87,433.83,437.4,14392
2024-09-23,436.19,436.26,429.91,433.55,13865
2024-09-24,432.97,433.21,425.7,428.68,12937
2024-09-25,428.83,432.65,428.07,431.5,11613
2024-09-26,435.13,435.36,428.72,430.88,14252
2024-09-27,429.98,432.27,427.04,428.05,12616
2024-09-30,426.61,428.91,424.9,427.46,13018
2024-10-01,428.3,429.53,418.35,421.61,21459
2024-10-02,418.88,422.2,416.26,418.09,15532
2024-10-03,415.72,419.07,413.85,415.1,15511
2024-10-04,417.24,419.8,414.55,416.57,15708
2024-10-07,414.15,416.38,408.69,409.09,14275
2024-10-08,412.38,414.4,404.84,414.31,14506
2024-10-09,415.0,419.82,413.74,416.96,13485
2024-10-10,416.92,418.09,412.52,415.25,14167
2024-10-11,415.42,416.59,412.75,415.36,13647
2024-10-14,416.05,423.45,416.02,419.91,13540
2024-10-15,419.16,421.66,414.71,416.71,16106
2024-10-16,418.91,418.91,409.93,415.0,13974
2024-10-17,418.2,422.4,415.02,416.28,12276
2024-10-18,416.4,419.01,415.15,417.2,9895
2024-10-21,416.13,417.43,413.19,416.66,11657
2024-10-22,415.8,429.92,415.68,428.85,15646
2024-10-23,426.59,430.64,421.9,424.66,17357
2024-10-24,425.71,426.38,421.79,424.08,13779
2024-10-25,426.14,431.85,425.32,427.24,15785
2024-10-28,431.28,431.95,426.09,426.23,13214
2024-10-29,426.94,432.49,424.41,432.32,13688
2024-10-30,439.62,440.37,431.92,433.78,16598
2024-10-31,414.54,418.89,405.64,409.44,23235
2024-11-01,409.59,414.77,406.64,410.48,17814
2024-11-04,410.89,410.98,404.77,407.0,14169
2024-11-05,408.86,414.14,407.16,410.67,12946
2024-11-06,415.97,419.58,409.74,419.27,19012
2024-11-07,420.21,425.98,419.07,425.43,13250
2024-11-08,422.71,425.71,421.12,421.82,11847
2024-11-11,420.93,423.81,415.24,417.34,12863
2024-11-12,416.51,423.61,415.96,422.59,14158
2024-11-13,420.32,428.49,417.41,424.62,15270
2024-11-14,424.03,427.35,419.27,425.37,17161
2024-11-15,421.97,423.93,412.82,413.53,16080
2024-11-18,415.31,417.53,411.13,414.97,12195
2024-11-19,413.56,417.02,410.44,416.04,12886
2024-11-20,418.06,419.62,409.72,414.51,13253
2024-11-21,413.75,419.45,410.21,413.58,16980
2024-11-22,411.72,415.52,410.75,414.12,13052
2024-11-25,417.62,420.87,414.75,416.91,12209
2024-11-26,417.33,428.44,416.78,428.43,13302
2024-11-27,425.25,426.93,422.97,423.95,11433
2024-11-29,420.53,424.77,417.64,423.56,8276
2024-12-02,421.38,432.64,421.22,431.0,12531
2024-12-03,431.02,432.34,427.74,430.46,10219
2024-12-04,434.06,439.25,432.13,437.36,13862
2024-12-05,437.83,444.25,435.84,443.01,11936
2024-12-06,440.09,445.64,440.04,444.19,11855
2024-12-09,440.39,447.87,440.0,445.21,12336
2024-12-10,442.76,449.16,441.2,442.65,12922
2024-12-11,441.04,449.88,440.9,448.45,11190
2024-12-12,446.54,455.71,445.89,451.45,13055
2024-12-13,449.44,450.99,445.18,447.29,12587
2024-12-16,447.63,451.71,444.86,451.19,10902
2024-12-17,449.74,454.75,448.93,453.97,12610
2024-12-18,454.2,454.49,437.75,438.31,17551
2024-12-19,439.55,442.65,436.78,437.83,16234
2024-12-20,430.66,443.24,428.17,435.75,18049
2024-12-23,436.16,437.06,432.39,434.19,12186
2024-12-24,434.12,438.87,433.31,438.74,6000
2024-12-26,436.87,440.18,436.14,439.03,8399
2024-12-27,436.34,437.17,425.89,428.33,14249
2024-12-30,429.57,429.67,421.48,426.04,13524
2024-12-31,426.88,426.92,421.06,422.0,10843
2025-01-02,424.89,427.53,414.34,417.76,19556
2025-01-03,419.99,423.66,419.28,421.51,11720
2025-01-06,427.2,433.71,424.94,426.48,14923
2025-01-07,428.99,430.01,420.27,421.18,13495
2025-01-08,423.98,426.28,420.53,423.75,14937
2025-01-10,423.63,424.24,414.5,419.62,16736
2025-01-13,414.81,417.74,411.84,416.08,14168
2025-01-14,418.89,419.98,410.23,411.87,13759
2025-01-15,415.35,427.59,415.07,426.55,11835
2025-01-16,428.06,428.72,424.52,425.8,11910
2025-01-17,425.27,434.17,424.65,430.32,13136
2025-01-21,430.62,430.97,425.06,428.08,11650
2025-01-22,434.11,445.3,432.11,444.83,16463
2025-01-23,442.4,445.07,440.89,444.22,11103
2025-01-24,445.49,446.39,440.67,442.21,11334
2025-01-27,413.85,434.3,409.47,434.1,26175
2025-01-28,436.46,447.69,430.62,446.26,16017
2025-01-29,445.78,446.43,439.38,442.68,16124
2025-01-30,424.93,425.35,412.53,413.62,23653
2025-01-31,419.22,419.97,414.4,415.24,17985
2025-02-03,408.34,414.66,407.39,412.71,18895
2025-02-04,409.26,413.14,408.91,411.3,12440
2025-02-05,409.67,413.04,409.13,411.77,11310
2025-02-06,413.35,417.43,412.02,414.11,11087
2025-02-07,415.75,417.85,407.35,409.2,15108
2025-02-10,411.66,414.65,410.13,411.19,9440
2025-02-11,409.97,411.63,408.35,410.82,9080
2025-02-12,409.94,410.76,403.44,407.75,11816
2025-02-13,408.24,410.16,405.44,409.24,11980
2025-02-14,409.18,409.32,405.07,406.32,10066
2025-02-18,408.76,409.67,405.62,406.94,9759
2025-02-19,408.16,414.46,406.64,413.72,12755
2025-02-20,417.05,419.2,412.51,415.79,14335
2025-02-21,417.09,417.88,408.33,408.53,12422
2025-02-24,409.85,410.3,399.27,404.62,15872
2025-02-25,401.42,403.34,396.64,397.58,17201
2025-02-26,399.93,403.5,394.07,399.28,13249
2025-02-27,400.92,405.36,392.76,393.12,15597
2025-02-28,392.3,394.49,386.39,392.93,16059
2025-03-03,397.11,399.59,387.32,387.73,19004
2025-03-04,384.65,392.47,380.84,390.16,23852
2025-03-05,390.26,401.56,388.31,400.49,19633
2025-03-06,395.28,402.02,392.87,395.29,21021
2025-03-07,395.31,397.64,385.5,391.69,23841
2025-03-10,389.2,389.37,377.19,378.61,24839
2025-03-11,380.06,385.85,376.87,382.76,24860
2025-03-12,382.84,385.0,378.79,383.05,19457
2025-03-13,381.85,385.25,377.46,378.01,18495
2025-03-14,381.12,388.38,379.1,388.18,13368
2025-03-17,385.37,392.51,384.96,391.24,14842
2025-03-18,386.46,387.37,380.9,382.73,14390
2025-03-19,383.97,389.41,383.36,388.59,13326
2025-03-20,387.78,391.52,382.93,386.21,15129
2025-03-21,385.43,386.43,379.95,385.34,13650
2025-03-24,394.08,396.28,389.63,392.15,12075
2025-03-25,392.59,396.03,392.22,394.14,10241
2025-03-26,394.18,395.22,388.26,389.34,12386
2025-03-27,390.71,391.92,387.09,391.4,12835
2025-03-28,387.89,389.15,376.65,377.43,15327
2025-03-31,372.07,374.57,366.9,374.04,15673
2025-04-01,375.34,381.94,372.77,381.55,16270
2025-04-02,379.76,384.67,375.71,383.17,15587
2025-04-03,372.64,377.08,368.86,375.24,23520
2025-04-04,369.03,374.08,354.51,364.76,39424
2025-04-07,345.77,370.24,344.28,355.09,48163
2025-04-08,356.87,373.15,350.53,350.57,31079
2025-04-09,353.83,389.04,347.59,387.93,44151
2025-04-10,384.08,386.08,367.4,377.54,36720
2025-04-11,384.07,389.52,378.54,388.41,27264
2025-04-14,390.77,394.11,383.72,388.77,16131
2025-04-15,388.07,391.3,384.01,384.41,14267
2025-04-16,382.67,383.06,367.71,368.86,18671
2025-04-17,373.79,374.29,367.24,368.23,16759
2025-04-21,363.33,365.84,355.11,357.66,11001
2025-04-22,361.37,367.1,359.2,365.2,14507
2025-04-23,375.2,379.69,372.44,372.99,17299
2025-04-24,372.99,386.93,372.65,386.52,14539
2025-04-25,387.51,390.38,383.99,389.85,14150
2025-04-28,391.02,392.59,385.98,390.53,12947
2025-04-29,391.86,394.09,388.44,393.26,13633
2025-04-30,393.48,394.39,383.76,390.49,17646
2025-05-01,428.28,436.01,426.37,428.35,24867
2025-05-02,425.48,438.69,423.16,435.11,17577
2025-05-05,430.49,438.7,429.06,436.26,12336
2025-05-06,432.1,436.87,429.94,434.65,13284
2025-05-07,433.36,437.28,430.31,435.56,17157
2025-05-08,435.69,442.85,434.74,439.4,15227
2025-05-09,437.97,439.74,435.07,438.3,12000
2025-05-12,446.1,448.2,438.96,445.98,15017
2025-05-13,446.05,449.71,444.41,448.63,13869
2025-05-14,444.65,452.95,444.39,450.88,13060
2025-05-15,450.03,456.08,449.83,451.92,13607
2025-05-16,452.75,453.42,448.67,451.83,11495
2025-05-19,449.4,459.46,448.87,457.27,12317
2025-05-20,456.71,458.61,454.29,456.8,11344
2025-05-21,453.6,457.69,451.76,453.82,16390
2025-05-22,452.2,460.13,449.85,455.65,17978
2025-05-23,453.34,454.22,448.2,451.83,18510
2025-05-27,454.79,459.91,453.63,459.48,12407
2025-05-28,458.95,462.41,456.87,458.0,11790
2025-05-29,460.58,461.55,455.28,458.25,14301
2025-05-30,458.28,460.86,455.47,460.48,15192
2025-06-02,456.98,461.95,456.38,461.5,12518
2025-06-03,460.17,463.77,459.76,462.97,10607
2025-06-04,462.06,465.52,461.67,464.12,9895
2025-06-05,464.1,469.55,462.94,468.32,15144
2025-06-06,469.33,473.23,468.68,470.53,12187
2025-06-09,469.52,473.34,468.44,472.73,10916
2025-06-10,471.42,472.51,466.91,470.03,11563
2025-06-11,468.31,475.25,467.58,472.13,14138
2025-06-12,472.88,480.19,471.94,478.75,13889
2025-06-13,472.92,478.81,472.59,473.95,15220
2025-06-16,475.48,480.44,474.53,479.58,7771
